,periodIndex,arrivalEvent,requestStartWaiting,requestType,requestWaitingTime,totalInQueue,requestProcessed,totalTimeInSystem,requestCancelled,nextPeriodOptimalServers,CurrentPeriodNumberOfServers,periodReward,nextPeriodReward
0,0,43796,43796,0.6678463786647182,0.8248377050188443,10.541875970408256,43773,2.4936617773952663,2.0,18.0,22,37167.0,28634.0
1,1,34033,34033,0.6645902506390856,0.4253073647134979,4.467017306731702,34034,2.08957992196227,0.0,13.0,18,28634.0,20907.0
2,2,24804,24804,0.6680777293984841,0.554685796174997,4.29894371875504,24807,2.2238609238096174,0.0,17.0,13,20907.0,27573.0
3,3,32683,32683,0.6653611969525441,0.5487480651589723,5.459780313924671,32673,2.212580387472703,0.0,16.0,17,27573.0,25738.0
4,4,30526,30526,0.6702810718731573,0.5083321327559212,4.772849374303872,30538,2.179126483910998,0.0,18.0,16,25738.0,29501.0
5,5,34905,34905,0.6679558802463831,0.6114317993206987,6.427932960893855,34901,2.279203203153566,0.0,24.0,18,29501.0,38810.0
6,6,46022,46022,0.6660510190778324,0.4783905744533907,6.597170918256486,46013,2.143845774640403,1.0,27.0,24,38810.0,45292.0
7,7,53393,53393,0.6654992227445545,0.7360600767101544,11.442604835839903,53392,2.402042596374539,0.0,29.0,27,45292.0,48380.0
8,8,57085,57085,0.6686169746868704,0.6505455433457894,10.817657878602084,57080,2.3187030731715303,0.0,32.0,29,48380.0,52560.0
9,9,62157,62157,0.6685489968949595,0.5177778468614673,9.415319272165643,62160,2.18687028224448,0.0,32.0,32,52560.0,54202.0
10,10,63809,63809,0.6666614427431867,0.8175304125681406,15.056684793681145,63805,2.483463787367256,1.0,34.0,32,54202.0,57533.0
11,11,67742,67742,0.6687579345162529,0.7561298156428338,14.75812642083198,67736,2.424889500180544,1.0,33.0,34,57533.0,56690.0
12,12,66607,66607,0.6667016980197277,0.9483880222611676,18.12741904004084,66599,2.61586539471119,3.0,32.0,33,56690.0,54148.0
13,13,63749,63749,0.6654378892217917,0.7556673147079577,13.93352052581217,63754,2.421457461761494,2.0,32.0,32,54148.0,54282.0
14,14,63869,63869,0.6675225852917691,0.8123034194447758,14.947564546180462,63882,2.481059662770408,0.0,30.0,32,54282.0,51316.0
15,15,60349,60349,0.6658436759515485,0.9025011542076892,15.684750368688794,60331,2.5684245125999468,5.0,31.0,30,51316.0,51311.0
16,16,60588,60588,0.6684987126163596,0.6213648771667807,10.97499504852446,60611,2.291038565630658,0.0,30.0,31,51311.0,49743.0
17,17,58754,58754,0.6669503352963202,0.5933525684678744,10.174881710181436,58743,2.260695376260648,0.0,31.0,30,49743.0,52948.0
18,18,62256,62256,0.667517990233873,0.8544478512054285,15.316001670521716,62254,2.521605540626853,2.0,33.0,31,52948.0,55809.0
19,19,65739,65739,0.6687810888513668,0.755270682378421,14.308401405558344,65718,2.4231643478508427,3.0,34.0,33,55809.0,56670.0
20,20,66856,66856,0.6719516572932871,0.6472058403371426,12.5488363048941,66873,2.318553528153365,1.0,32.0,34,56670.0,54088.0
21,21,63685,63685,0.6635628483944414,0.7521956397364505,13.844264740519746,63688,2.4153027143159824,0.0,29.0,32,54088.0,48442.0
22,22,57139,57139,0.6648873798981432,0.6436023151978257,10.751430721573708,57142,2.3082824045666595,0.0,27.0,29,48442.0,46361.0
23,23,54496,54496,0.6645808866705814,1.026908221942714,16.161736641221374,54485,2.6914988478325004,8.0,20.0,27,46361.0,32172.0
24,24,38138,38138,0.6649011484608527,0.4751889360385617,5.498688971629346,38172,2.140361304608835,0.0,17.0,20,32172.0,27252.0
25,25,32356,32356,0.6649462232661639,0.473519640796624,4.704011620719496,32352,2.139001636386462,0.0,16.0,17,27252.0,26380.0
26,26,31177,31177,0.664913237322385,0.651926267958937,6.139397632870385,31180,2.3181721102723816,0.0,16.0,16,26380.0,25264.0
27,27,30060,30060,0.6628409846972722,0.397243735380297,3.737924151696607,30064,2.0584046241729883,0.0,16.0,16,25264.0,26094.0
28,28,30902,30902,0.6705391236813151,0.615896483476685,5.799301016115462,30894,2.285411874515609,0.0,19.0,16,26094.0,30071.0
29,29,35769,35769,0.6670860242109089,0.3999970124080226,4.406049931504935,35771,2.068723310376605,0.0,24.0,19,30071.0,39497.0
30,30,46711,46711,0.6658388816338764,0.5599180319323821,7.733788615101368,46703,2.225124410438891,2.0,27.0,24,39497.0,44969.0
31,31,53085,53085,0.6654045398888575,0.6377931677950135,9.925609870961663,53069,2.303829526920353,0.0,30.0,27,44969.0,50411.0
32,32,59399,59399,0.6657351133857472,0.705290934171925,12.168386673176316,59417,2.3708759074993546,2.0,31.0,30,50411.0,52915.0
33,33,62253,62253,0.6662490161116733,0.8901388325910564,15.960082245032368,62239,2.555870572959701,8.0,33.0,31,52915.0,54518.0
34,34,64418,64418,0.6646123754230184,0.555341363137818,10.437548511285666,64418,2.219629552214521,0.0,34.0,33,54518.0,56431.0
35,35,66636,66636,0.6659013146047181,0.586477880628168,11.356158833063208,66631,2.2522958087197016,0.0,33.0,34,56431.0,54631.0
36,36,64533,64533,0.6650705840422729,0.561545114051232,10.60226550756977,64531,2.2252258421291997,0.0,32.0,33,54631.0,55046.0
37,37,64679,64679,0.6651308771007591,0.9312774497786036,17.294871596654247,64658,2.5950889498167897,4.0,32.0,32,55046.0,52878.0
38,38,62452,62452,0.6654070326010376,0.5588878029714544,10.181067059501697,62478,2.2258866366647934,0.0,31.0,32,52878.0,51940.0
39,39,61249,61249,0.6665414945550131,0.6927457457556633,12.307515224738363,61252,2.360028950203284,4.0,31.0,31,51940.0,51608.0
40,40,60908,60908,0.6654462467984501,0.6030979829224924,10.714093386747225,60908,2.2682372391310013,0.0,30.0,31,51608.0,51339.0
41,41,60368,60368,0.6649715080837529,0.9313586860588982,16.194175722236945,60354,2.597251335344977,5.0,32.0,30,51339.0,52753.0
42,42,62343,62343,0.6685594212662207,0.561400132119294,10.220730474953085,62359,2.230318795509721,2.0,32.0,32,52753.0,54176.0
43,43,63812,63812,0.6658622202720491,0.8018339958543328,14.792327461919388,63800,2.4676994079380616,8.0,34.0,32,54176.0,57600.0
44,44,67798,67798,0.6670108262780613,0.752850674870909,14.702321602407151,67803,2.420390915041885,1.0,33.0,34,57600.0,55326.0
45,45,65219,65219,0.6683788466551158,0.6702031272855694,12.667964856866863,65226,2.338870054082033,0.0,29.0,33,55326.0,49428.0
46,46,58130,58130,0.6618269396180974,0.842897321582539,14.157887493548944,58128,2.5053593367158373,0.0,28.0,29,49428.0,47450.0
47,47,55857,55857,0.6662549009076749,0.7872565250003175,12.757971248008309,55853,2.4533963982730524,1.0,23.0,28,47450.0,37470.0
48,48,44365,44365,0.6708441338893272,0.5147985362657754,6.826552462526767,44370,2.185335995611097,0.0,18.0,23,37470.0,29816.0
49,49,35205,35205,0.6664394262178668,0.7136504482415904,7.505354353074847,35225,2.3817392455159805,3.0,17.0,18,29816.0,26881.0
50,50,31992,31992,0.6683545886471618,0.3914115096021576,3.900162540635159,31981,2.0581995959149086,0.0,15.0,17,26881.0,23625.0
51,51,28112,28112,0.6679709732498577,0.4390344179901798,3.8711226522481503,28125,2.10911333941466,0.0,17.0,15,23625.0,27205.0
52,52,32309,32309,0.6636231390634189,0.468787978840134,4.65730910891702,32305,2.13252209247249,0.0,21.0,17,27205.0,33880.0
53,53,40187,40187,0.6636972155174559,0.4719224419615374,5.74663448378829,40180,2.134423787082164,0.0,26.0,21,33880.0,42463.0
54,54,50268,50268,0.665532744489536,0.5200814991997034,7.750934988461845,50263,2.1847914827182917,0.0,31.0,26,42463.0,51541.0
55,55,60847,60847,0.6656203263924269,0.6120552370380457,10.837921343698127,60841,2.2777322791042462,0.0,32.0,31,51541.0,54140.0
56,56,63742,63742,0.6672366728373756,0.7881925413011927,14.49584261554391,63749,2.455900113196637,3.0,35.0,32,54140.0,58892.0
57,57,69414,69414,0.6663497277206327,0.7240316000571835,14.521436597804476,69392,2.391043725456467,0.0,36.0,35,58892.0,61185.0
58,58,71994,71994,0.6675139594966247,0.8001547560346717,16.517779259382728,71988,2.467740961854948,1.0,37.0,36,61185.0,61950.0
59,59,73054,73054,0.665740411202672,0.6556445207922627,13.848509321871491,73056,2.3211787222384643,2.0,37.0,37,61950.0,61877.0
60,60,72955,72955,0.664834487012542,0.630675047629297,13.301076005756974,72977,2.295921021734954,0.0,35.0,37,61877.0,59805.0
61,61,70322,70322,0.6668183498762834,0.8671312894205064,17.47404795085464,70305,2.5332685205949708,0.0,35.0,35,59805.0,59264.0
62,62,69780,69780,0.6659357982229865,0.767305880578224,15.423072513614215,69770,2.4324698770878737,2.0,35.0,35,59264.0,58283.0
63,63,68763,68763,0.6672629175574073,0.6003831413495795,11.957637101348109,68786,2.268026545953658,1.0,34.0,35,58283.0,56684.0
64,64,66878,66878,0.6638954514190017,0.6163333537924397,11.968106103651426,66884,2.2818507246776374,0.0,33.0,34,56684.0,55890.0
65,65,65815,65815,0.6658512497151106,0.7904606844275711,15.020177771024844,65805,2.4571615105948656,5.0,34.0,33,55890.0,56672.0
66,66,66873,66873,0.6677881955348197,0.646362765954541,12.539231079807994,66872,2.3148207667398752,0.0,35.0,34,56672.0,60038.0
67,67,70572,70572,0.666241568894179,0.9252241552295332,18.699200816187723,70565,2.591722057366689,9.0,37.0,35,60038.0,62086.0
68,68,73186,73186,0.6691170442434345,0.6859121007821352,14.470923400650396,73189,2.35682228783084,1.0,36.0,37,62086.0,60801.0
69,69,71612,71612,0.667053007875775,0.7523595615577795,15.512204658437131,71607,2.4186460489433808,2.0,32.0,36,60801.0,53735.0
70,70,63325,63325,0.6637189103829452,0.6439493887245289,11.838973549151204,63335,2.307775216523654,0.0,30.0,32,53735.0,50532.0
71,71,59542,59542,0.6664203419435021,0.719431239351347,12.418729636223173,59535,2.3865757833792616,1.0,20.0,30,50532.0,33629.0
72,72,39598,39598,0.6677357442295065,0.7493419077041131,8.75066922571847,39629,2.4177874091524325,0.0,18.0,20,33629.0,28873.0
73,73,34282,34282,0.6702934484569162,0.4692196349956412,4.931246718394493,34273,2.1381235559534923,0.0,15.0,18,28873.0,24156.0
74,74,28648,28648,0.6691915666015079,0.5482689110105117,4.846551242669645,28656,2.217473176629524,0.0,16.0,15,24156.0,26068.0
75,75,30865,30865,0.6684594200550785,0.5803287778884926,5.4373886278956745,30868,2.248559088534064,0.0,16.0,16,26068.0,25147.0
76,76,29940,29940,0.6694054776219105,0.3951584478086891,3.712057448229793,29947,2.0636891550716987,0.0,19.0,16,25147.0,31619.0
77,77,37353,37353,0.6651139132064359,0.7401200972344294,8.211522501539367,37334,2.405259910765352,5.0,23.0,19,31619.0,38574.0
78,78,45488,45488,0.6672089342244109,0.7471052292828245,9.97412504396764,45480,2.4140025567537866,2.0,29.0,23,38574.0,47574.0
79,79,56276,56276,0.6657367261354752,0.5252540014971909,8.700316298244367,56274,2.1899329334202395,0.0,30.0,29,47574.0,50773.0
80,80,59777,59777,0.6648209177442829,0.7603122728712277,13.148702678287636,59773,2.425618092252285,0.0,32.0,30,50773.0,53404.0
81,81,63001,63001,0.6679100331740766,0.6641309243514317,12.11460135553404,63004,2.334116806526937,0.0,33.0,32,53404.0,55031.0
82,82,64926,64926,0.6689307827372701,0.6504591739669621,12.26457813510766,64931,2.3202405521457945,0.0,34.0,33,55031.0,56917.0
83,83,67134,67134,0.6671433252897191,0.6749445379370853,13.129934161527691,67117,2.342169631523139,0.0,33.0,34,56917.0,54914.0
84,84,64804,64804,0.666980433306586,0.5896648792739057,11.1132800444417,64814,2.2571569019539157,0.0,32.0,33,54914.0,54363.0
85,85,63980,63980,0.6675367302281963,0.8400466153357472,15.48812128790247,63969,2.507636550033696,2.0,32.0,32,54363.0,53617.0
86,86,63192,63192,0.6669040384858843,0.6444720974381868,11.824060007595898,63217,2.311434349796244,0.0,31.0,32,53617.0,51457.0
87,87,60780,60780,0.6638861467588022,0.577532541957324,10.23956893715038,60757,2.241319605702276,0.0,31.0,31,51457.0,51367.0
88,88,60655,60655,0.6653037672079796,0.5887310552790748,10.42128431291732,60679,2.25444183902236,4.0,30.0,31,51367.0,50518.0
89,89,59531,59531,0.6658883606860291,0.7356621423278783,12.69177403369673,59518,2.4014691764567844,0.0,31.0,30,50518.0,53204.0
90,90,62568,62568,0.663486127093722,0.9579204633158744,17.26668584579977,62543,2.6207237491437554,13.0,32.0,31,53204.0,54640.0
91,91,64263,64263,0.6653906602555125,0.9188563234038444,17.005166269859796,64276,2.5847220218493443,12.0,33.0,32,54640.0,55998.0
92,92,65905,65905,0.6646688415143008,0.7913237920979148,15.033821409604734,65904,2.4558859094516285,2.0,34.0,33,55998.0,57216.0
93,93,67412,67412,0.66317569572183,0.6667957770303018,12.98516584584347,67416,2.329998090595453,0.0,29.0,34,57216.0,48511.0
94,94,57195,57195,0.6673485444531865,0.653245943814877,10.884500393391033,57211,2.3205299444830088,0.0,28.0,29,48511.0,46618.0
95,95,55018,55018,0.6689810607437566,0.639581936626921,10.265676687629504,55018,2.30847415296088,0.0,24.0,28,46618.0,40074.0
96,96,47266,47266,0.6667160326661871,0.6996030146887176,9.691406084712057,47280,2.3652851958776893,2.0,20.0,24,40074.0,32878.0
97,97,38879,38879,0.6704133336762776,0.634345286015002,7.344864837058567,38878,2.304421492967069,0.0,19.0,20,32878.0,30055.0
98,98,35763,35763,0.6676453317674692,0.3855450807402834,4.247098957022621,35755,2.052397072122106,0.0,19.0,19,30055.0,31181.0
99,99,36881,36881,0.6704807353379789,0.606288798187392,6.720994550039316,36881,2.2774261695881304,0.0,19.0,19,31181.0,31455.0
100,100,37164,37164,0.6654558174577548,0.6591176938918025,7.319664191152729,37167,2.3246903014318816,4.0,23.0,19,31455.0,38030.0
101,101,44940,44940,0.6657320872274143,0.6340825717163805,8.452937249666222,44930,2.3009965003020145,0.0,29.0,23,38030.0,48011.0
102,102,56721,56721,0.6665432555843515,0.5946790532826075,9.893249413797358,56711,2.260917474650528,0.0,33.0,29,48011.0,55016.0
103,103,64900,64900,0.6677349768875193,0.6229096786256719,11.755392912172573,64916,2.2899863679491186,0.0,36.0,33,55016.0,60467.0
104,104,71290,71290,0.6656473558703886,0.6776677646289554,13.9611305933511,71267,2.3440795339717324,0.0,38.0,36,60467.0,65606.0
105,105,77080,77080,0.6654903995848469,1.00128734143426,22.013907628437988,77060,2.666873978627004,18.0,39.0,38,65606.0,66114.0
106,106,77788,77788,0.6661438782331465,0.7952495418666983,17.735846145935106,77829,2.462788494487431,5.0,40.0,39,66114.0,67691.0
107,107,79725,79725,0.6662402006898714,0.7362455049538248,16.849808717466292,79700,2.4021813676343995,3.0,39.0,40,67691.0,65558.0
108,108,77252,77252,0.6670377465955574,0.6736092675666767,14.9748614922591,77258,2.3408277089010308,0.0,38.0,39,65558.0,65532.0
109,109,76993,76993,0.6662943384463522,1.0009322682629929,22.020014806540853,76974,2.667696985888941,14.0,37.0,38,65532.0,63948.0
110,110,75030,75030,0.6697720911635345,1.0422665646269436,22.28915100626416,75054,2.711506879733903,2.0,37.0,37,63948.0,63664.0
111,111,74801,74801,0.6656328123955562,0.9646795340103153,20.6271707597492,74794,2.6307649896163525,10.0,36.0,37,63664.0,60795.0
112,112,71587,71587,0.6638635506446702,0.7304421632210872,15.052802883205052,71601,2.395319805557887,2.0,37.0,36,60795.0,62133.0
113,113,73250,73250,0.6686962457337884,0.6629955979941442,14.00061433447099,73233,2.3310913014315906,0.0,37.0,37,62133.0,62565.0
114,114,73664,73664,0.6663363379669852,0.7578913595662347,16.057164965247612,73677,2.424382611568168,4.0,38.0,37,62565.0,65019.0
115,115,76439,76439,0.6638626878949228,0.8649906897681989,18.91025523620141,76428,2.528529440627921,3.0,40.0,38,65019.0,67702.0
116,116,79709,79709,0.6659097467036345,0.722378579219621,16.520882209035367,79714,2.388331718515235,4.0,39.0,40,67702.0,65895.0
117,117,77585,77585,0.6680930592253658,0.7646331827948231,17.05012566862151,77595,2.4331127578509526,0.0,35.0,39,65895.0,58903.0
118,118,69403,69403,0.667737705862859,0.7214997962135796,14.4437416250018,69403,2.3899684476598173,0.0,32.0,35,58903.0,54661.0
119,119,64300,64300,0.6676982892690513,0.8892204717929434,16.476267496111976,64270,2.5565742637798947,3.0,26.0,32,54661.0,43560.0
120,120,51329,51329,0.6622766856942469,0.673850524133867,10.09051413431004,51360,2.336178583301032,0.0,22.0,26,43560.0,36926.0
121,121,43514,43514,0.670267040492715,0.79472989266844,10.13572643287218,43529,2.464916663421328,1.0,19.0,22,36926.0,30278.0
122,122,35981,35981,0.6701314582696423,0.4250100790079061,4.684388983074401,35978,2.0942065161516785,0.0,19.0,19,30278.0,31132.0
123,123,36834,36834,0.6694629961448662,0.5927835103449943,6.55027963294782,36832,2.261866745429115,0.0,20.0,19,31132.0,32373.0
124,124,38367,38367,0.6695597779341622,0.5070397413939199,5.887116532436729,38373,2.178186021336829,0.0,23.0,20,32373.0,38000.0
125,125,44902,44902,0.6661841343370006,0.6130744386761897,8.150995501313973,44900,2.2786559285714607,0.0,30.0,23,38000.0,51272.0
126,126,60292,60292,0.6666721953161282,0.9290072102122842,16.12562197306442,60278,2.59737324650797,2.0,35.0,30,51272.0,60053.0
127,127,70577,70577,0.6647491392379954,0.8980909023726911,18.17389517831588,70571,2.562546095559766,6.0,39.0,35,60053.0,65424.0
128,128,77137,77137,0.6637800277428472,0.6236555738831282,13.872797749458757,77127,2.287072445811775,1.0,41.0,39,65424.0,69195.0
129,129,81497,81497,0.666171760923715,0.7196902378527912,16.83783452151613,81498,2.3854671934126066,1.0,42.0,41,69195.0,71565.0
130,130,84167,84167,0.6708329868000523,0.838744239001931,20.16601518409828,84168,2.508789951169168,1.0,44.0,42,71565.0,74334.0
131,131,87555,87555,0.666815144766147,0.7171663287362545,17.967997258865857,87555,2.3835863699824924,7.0,42.0,44,74334.0,72295.0
132,132,84921,84921,0.668562546366623,0.9332602546313592,22.573956971773764,84898,2.601355264111336,1.0,42.0,42,72295.0,71378.0
133,133,83991,83991,0.6661785191270493,0.7781701006111822,18.676001000107156,84008,2.444353601366495,10.0,41.0,42,71378.0,69329.0
134,134,81622,81622,0.6657028742250863,0.7373104969443137,17.264744799196293,81635,2.4035923126690437,2.0,40.0,41,69329.0,67418.0
135,135,79434,79434,0.6697258101065036,0.704090011140732,16.04063751038598,79424,2.372668677252872,2.0,40.0,40,67418.0,66934.0
136,136,78935,78935,0.6643947551783113,0.6282420039943271,14.28731234560081,78934,2.2926371117067346,0.0,40.0,40,66934.0,67002.0
137,137,79009,79009,0.6669366780999633,0.6589184375336,14.97840752319356,79008,2.326295674818259,2.0,40.0,40,67002.0,67562.0
138,138,79564,79564,0.6682670554522145,0.7406641745174172,16.938829118696898,79574,2.4085905310629294,4.0,42.0,40,67562.0,71623.0
139,139,84243,84243,0.6641620075258479,0.7814050876627988,18.82235912776136,84229,2.443957834926047,2.0,44.0,42,71623.0,73844.0
140,140,87036,87036,0.668482007445195,0.6569948415085783,16.392021692173355,87044,2.3253701803757725,0.0,42.0,44,73844.0,71886.0
141,141,84516,84516,0.6634246769842397,0.8920398937053494,21.527971035070284,84501,2.556600281322499,5.0,38.0,42,71886.0,63006.0
142,142,74378,74378,0.6648605770523542,0.5877556348500818,12.6649815805749,74406,2.2528173131483964,0.0,36.0,38,63006.0,59868.0
143,143,70679,70679,0.6652754000481048,0.5945539719186025,12.223913750901966,70674,2.2591114494047466,2.0,26.0,36,59868.0,42297.0
144,144,50088,50088,0.664011340041527,0.473200343999024,7.0384922536336045,50097,2.13731546130056,0.0,22.0,26,42297.0,35659.0
145,145,42251,42251,0.6651203521810135,0.4981102820509425,6.310761875458569,42259,2.163895352749814,0.0,19.0,22,35659.0,31920.0
146,146,37629,37629,0.6678359775704908,0.7663897675404542,8.540460814797099,37635,2.435047683268319,5.0,19.0,19,31920.0,31275.0
147,147,36972,36972,0.6663691442172455,0.6381696231724726,7.060721627177323,36975,2.3037166940527567,0.0,20.0,19,31275.0,33847.0
148,148,39866,39866,0.6696182210404856,0.892891089158232,10.44348567701801,39856,2.5616140158372493,3.0,24.0,20,33847.0,38999.0
149,149,46204,46204,0.6677343952904511,0.4902499810128874,6.751276945718986,46199,2.1579854111515626,0.0,31.0,24,38999.0,52214.0
150,150,61545,61545,0.666829149402876,0.7541438423271323,13.454561702819076,61523,2.42137867391271,3.0,35.0,31,52214.0,58793.0
151,151,69272,69272,0.6651172190784155,0.6929190506298872,13.862397505485625,69293,2.3582929664553105,0.0,39.0,35,58793.0,65126.0
152,152,76841,76841,0.665881495555758,0.6183361358774105,13.703660806080087,76826,2.2840525601069777,0.0,41.0,39,65126.0,69475.0
153,153,81779,81779,0.6657699409383827,0.7552646575637781,17.68420988273273,81778,2.4209123354515087,1.0,42.0,41,69475.0,72015.0
154,154,84631,84631,0.6669069253583202,0.9094981754280904,21.96133804397916,84627,2.577775245840281,4.0,43.0,42,72015.0,73283.0
155,155,86187,86187,0.6659705059927832,0.8344447743178368,20.554190307122884,86192,2.5016593468855666,3.0,42.0,43,73283.0,71590.0
156,156,84185,84185,0.6661400487022628,0.8265287342105672,19.91573320662826,84190,2.4929225078800967,0.0,42.0,42,71590.0,70491.0
157,157,83122,83122,0.6691249007482977,0.6721565504532676,16.068982940737712,83091,2.3411777508456995,0.0,41.0,42,70491.0,70263.0
158,158,82578,82578,0.668483131100293,0.9265397366910336,21.882462641381483,82596,2.594730543768163,11.0,40.0,41,70263.0,66719.0
159,159,78710,78710,0.665582518104434,0.6198048537041736,14.083547198577056,78725,2.286324433236223,2.0,39.0,40,66719.0,67632.0
160,160,79377,79377,0.6683296168915429,1.0973008558483683,24.79005253410938,79371,2.765485751493172,13.0,39.0,39,67632.0,66102.0
161,161,77816,77816,0.6673948802302868,0.7698236429603407,17.188046160172714,77811,2.437225545546681,3.0,40.0,39,66102.0,67091.0
162,162,79112,79112,0.6662074021640206,0.6418408598267079,14.642329861462231,79091,2.3074615715279294,0.0,42.0,40,67091.0,71829.0
163,163,84425,84425,0.6651821143026355,0.8592171667375568,20.697021024578028,84438,2.5250420008474106,3.0,43.0,42,71829.0,74059.0
164,164,86979,86979,0.6687476287379712,0.998073023380284,24.70899872382989,86983,2.6676263973556016,8.0,42.0,43,74059.0,71427.0
165,165,84030,84030,0.6679638224443651,0.8262342051580692,19.886600023801023,84033,2.4946773409439387,2.0,37.0,42,71427.0,63241.0
166,166,74382,74382,0.6628619827377591,0.8640955284090628,18.462410260546907,74365,2.5259887167341364,8.0,35.0,37,63241.0,60334.0
167,167,70830,70830,0.6710433432161513,1.0343458906524148,20.92000564732458,70852,2.7058836065912786,6.0,21.0,35,60334.0,34234.0
168,168,40516,40516,0.6665761674400237,0.5331349912402393,6.474108993977688,40537,2.201948507988098,1.0,18.0,21,34234.0,29344.0
169,169,34738,34738,0.6691231504404399,0.5840020604133331,6.147475387184064,34750,2.253527976017911,2.0,14.0,18,29344.0,23115.0
170,170,27313,27313,0.6671182220920441,0.7734002505997549,6.399553326254897,27315,2.440563681224607,0.0,16.0,14,23115.0,25601.0
171,171,30408,30408,0.6650552486187845,0.5025059675500871,4.723658247829518,30401,2.1664033594625858,0.0,15.0,16,25601.0,24026.0
172,172,28520,28520,0.6638849929873772,0.5011276158059748,4.4325035063113605,28526,2.165092620536902,0.0,18.0,15,24026.0,28572.0
173,173,33981,33981,0.665077543333039,0.4353508311253612,4.560813395721138,33972,2.1007736656904337,0.0,25.0,18,28572.0,41842.0
174,174,49362,49362,0.66737571411207,0.7061950814056531,10.184554920789273,49342,2.373239989207885,0.0,27.0,25,41842.0,46386.0
175,175,54495,54495,0.6660978071382696,1.0074854508321214,15.819065969354988,54507,2.6742467266482404,7.0,29.0,27,46386.0,48943.0
176,176,57665,57665,0.6678921356108558,0.7657459630160266,12.81550333824677,57655,2.4333283458968955,4.0,32.0,29,48943.0,54479.0
177,177,64109,64109,0.6717309582117955,0.8878767885180264,16.353663292205464,64097,2.5598388246644768,6.0,33.0,32,54479.0,54596.0
178,178,64486,64486,0.6671990819712806,0.5717141830569178,10.725010079707223,64496,2.2394041174645523,0.0,33.0,33,54596.0,55698.0
179,179,65602,65602,0.6622511508795463,0.704256051025995,13.349028993018504,65601,2.3669846037382865,1.0,33.0,33,55698.0,55495.0
180,180,65413,65413,0.6677724611315794,0.6987367904560595,13.219665815663554,65395,2.364720976738301,0.0,33.0,33,55495.0,55945.0
181,181,65830,65830,0.6668084459972656,0.7574963432022885,14.39825307610512,65851,2.424670618702893,2.0,31.0,33,55945.0,53206.0
182,182,62544,62544,0.66847339473011,0.97766399971542,17.556456254796622,62524,2.6451265282289493,6.0,31.0,31,53206.0,51853.0
183,183,61134,61134,0.6669120293126575,0.6603477192401961,11.727712892989173,61153,2.3283614333883347,0.0,31.0,31,51853.0,52105.0
184,184,61399,61399,0.6653691428199157,0.706671401795083,12.586475349761397,61405,2.3710234366769543,0.0,30.0,31,52105.0,50841.0
185,185,59848,59848,0.6678084480684401,0.8320362341077686,14.382301831305975,59844,2.500165905003218,1.0,31.0,30,50841.0,51924.0
186,186,61220,61220,0.6652074485462267,0.6745041277079921,11.984286180986606,61230,2.338705256630093,2.0,32.0,31,51924.0,54321.0
187,187,63932,63932,0.6667396608896953,0.7633287630766635,14.087405368203717,63921,2.4286117206625835,0.0,34.0,32,54321.0,56832.0
188,188,67040,67040,0.667989260143198,0.6789403456981409,13.19829952267303,67032,2.347574556138642,0.0,33.0,34,56832.0,54595.0
189,189,64490,64490,0.666506435106218,0.5541959487970156,10.406187005737324,64495,2.219748120415332,0.0,28.0,33,54595.0,47849.0
190,190,56239,56239,0.6700688134568538,0.9164821116115688,14.852433364746885,56252,2.5865114587263247,1.0,27.0,28,47849.0,44658.0
191,191,52757,52757,0.6675322705991622,0.6101889220302266,9.475102829956214,52764,2.2770580563523675,2.0,20.0,27,44658.0,33250.0
192,192,39254,39254,0.6647984918734396,0.6593519620225865,7.680440209914913,39250,2.3244454454300203,0.0,16.0,20,33250.0,26581.0
193,193,31372,31372,0.6674423052403418,0.7084849796819597,6.673020527859237,31381,2.3760101454627907,0.0,16.0,16,26581.0,26172.0
194,194,30979,30979,0.670260499047742,0.652436814908207,6.153232835146389,30984,2.3241103074238065,4.0,15.0,16,26172.0,23817.0
195,195,28322,28322,0.6654191088199986,0.4688323678988398,4.144057623049219,28317,2.134943117839786,0.0,15.0,15,23817.0,24378.0
196,196,28884,28884,0.6684323500900152,0.5857798850426578,5.183596454784656,28878,2.254453531760297,0.0,18.0,15,24378.0,29075.0
197,197,34467,34467,0.668697594800824,0.5192549799615743,5.434299474860011,34475,2.1876063762990148,0.0,24.0,18,29075.0,39151.0
198,198,46358,46358,0.6657103412571724,0.5002434773185447,6.920121661849088,46351,2.165281620953272,0.0,26.0,24,39151.0,43530.0
199,199,51344,51344,0.6668744157058274,0.7028125155127131,10.540744780305392,51336,2.3696307454108663,2.0,30.0,26,43530.0,50401.0
200,200,59405,59405,0.6654153690766771,0.7113179827961725,12.268933591448532,59401,2.377248738463744,0.0,32.0,30,50401.0,53593.0
201,201,63197,63197,0.6685443929300442,0.6890989114214121,12.637846733231008,63196,2.357192151996822,1.0,31.0,32,53593.0,52633.0
202,202,61960,61960,0.6660426081342802,0.8346625512374716,14.932666236281472,61945,2.500851442849247,4.0,33.0,31,52633.0,55775.0
203,203,65665,65665,0.6663976243051855,0.7556764555354798,14.300738597426331,65675,2.423373813325251,0.0,32.0,33,55775.0,54486.0
204,204,64098,64098,0.666027021123904,0.8346337496543275,15.420044307154669,64089,2.5009597512575747,1.0,33.0,32,54486.0,55007.0
205,205,64917,64917,0.6661737295315556,0.6334187160148597,11.926275089729964,64907,2.2997365907780845,0.0,32.0,33,55007.0,53154.0
206,206,62730,62730,0.6639725809022796,0.582344008489486,10.63328550932568,62754,2.2467051542516296,0.0,31.0,32,53154.0,51594.0
207,207,60896,60896,0.6669239358906989,0.6187130924391527,10.957287834997372,60900,2.2856055383648504,2.0,31.0,31,51594.0,51845.0
208,208,61159,61159,0.6658709266011543,0.6489239955374977,11.538448960905182,61145,2.3143071560608712,0.0,29.0,31,51845.0,48940.0
209,209,57642,57642,0.6636653828805384,0.7495243287375289,12.540508656882135,57646,2.413414905043734,2.0,31.0,29,48940.0,52816.0
210,210,62110,62110,0.665448398003542,0.8940362829796965,15.990774432458542,62125,2.5600249986256767,3.0,32.0,31,52816.0,54472.0
211,211,64101,64101,0.6649350244145957,0.8342488476983732,15.400602174693065,64072,2.5001038845546244,0.0,33.0,32,54472.0,56619.0
212,212,66539,66539,0.6664963404920423,0.9232266030616156,17.6267151595305,66537,2.589408911559591,6.0,33.0,33,56619.0,56139.0
213,213,66027,66027,0.6666969573053447,0.8070213402682014,15.315749617580687,66051,2.473714135082964,4.0,29.0,33,56139.0,49262.0
214,214,57972,57972,0.6638032153453391,0.8341257411737593,14.000776236803974,57971,2.4972097962066577,3.0,28.0,29,49262.0,46169.0
215,215,54562,54562,0.667864081228694,0.5739893951384794,9.193852864631062,54569,2.24160966729529,0.0,22.0,28,46169.0,35770.0
216,216,42363,42363,0.6717418501994665,0.5370611542307195,6.811746099190331,42370,2.208435505090644,0.0,19.0,22,35770.0,31719.0
217,217,37415,37415,0.6705064813577443,0.7420823257148635,8.249953227315247,37425,2.4121983411399346,2.0,17.0,19,31719.0,26772.0
218,218,31886,31886,0.6709214075142695,0.3949138655370434,3.9131593802922913,31872,2.06557075769912,0.0,16.0,17,26772.0,26376.0
219,219,31165,31165,0.6667415369805872,0.6663392234217771,6.288496711054068,31176,2.331934366085025,0.0,19.0,16,26376.0,30013.0
220,220,35712,35712,0.6619903673835126,0.3829054822069977,4.226310483870968,35713,2.0454672982062925,0.0,22.0,19,30013.0,35351.0
221,221,41952,41952,0.6656416857360793,0.4510187155032628,5.715412852784135,41951,2.117236709391924,0.0,26.0,22,35351.0,43576.0
222,222,51392,51392,0.6654537671232876,0.7127099354549632,10.722427615193029,51376,2.3772320064199866,0.0,30.0,26,43576.0,51186.0
223,223,60213,60213,0.6677461677710793,0.8934455013833561,15.502449637121552,60198,2.560432056637439,4.0,32.0,30,51186.0,54986.0
224,224,64605,64605,0.6631839640894668,0.947765629595797,17.564600263137528,64610,2.611834453253113,8.0,35.0,32,54986.0,59123.0
225,225,69638,69638,0.6671931991154255,0.7451595740596715,14.944929492518453,69629,2.411474642847034,2.0,35.0,35,59123.0,59711.0
226,226,70229,70229,0.6663628985177064,0.8417555161375465,16.961967278474702,70235,2.5084860181799185,8.0,37.0,35,59711.0,61869.0
227,227,72971,72971,0.666908771977909,0.6484249963982975,13.650299434021736,72981,2.316230515296634,4.0,36.0,37,61869.0,61496.0
228,228,72332,72332,0.6720538627440137,0.8938541008666366,18.525189404412984,72311,2.565525592425208,5.0,36.0,36,61496.0,60998.0
229,229,71787,71787,0.6682268377282795,0.7747595536616234,15.957666429854989,71798,2.443782155012515,0.0,35.0,36,60998.0,58486.0
230,230,68994,68994,0.6649128909760269,0.6546525002985638,13.07919529234426,68986,2.3196722725022867,0.0,34.0,35,58486.0,56741.0
231,231,66928,66928,0.6657901027970357,0.6351165825996924,12.333313411427206,66941,2.3023188074185863,0.0,33.0,34,56741.0,55395.0
232,232,65289,65289,0.6682136347623643,0.7037499262690795,13.286311629830449,65295,2.3719759486511305,0.0,33.0,33,55395.0,56295.0
233,233,66235,66235,0.6675171736997056,0.9123939751357204,17.35291009285121,66204,2.579231633711023,3.0,34.0,33,56295.0,58043.0
234,234,68236,68236,0.6667887918400844,0.8677434417089516,16.97631748637083,68246,2.53456934082313,1.0,36.0,34,58043.0,60075.0
235,235,70879,70879,0.6694084284484826,0.6432155747692795,13.201879259018892,70875,2.311739476467466,0.0,37.0,36,60075.0,62422.0
236,236,73526,73526,0.6665805293365612,0.7383810586818175,15.648682098849386,73528,2.4056167312906536,2.0,36.0,37,62422.0,59761.0
237,237,70547,70547,0.6664493174762924,0.5756031886613121,11.782641359660936,70561,2.242170196973431,0.0,31.0,36,59761.0,52387.0
238,238,61695,61695,0.6663911175946187,0.7770261668839743,13.872388362103898,61702,2.443681108100473,5.0,29.0,31,52387.0,49535.0
239,239,58258,58258,0.6663977479487796,0.9058666101902384,15.207593806859144,58250,2.572475953953904,5.0,19.0,29,49535.0,31242.0
240,240,36927,36927,0.6640669428873183,0.5824789288515759,6.437701410891759,36942,2.245045009348372,0.0,17.0,19,31242.0,27004.0
241,241,32095,32095,0.6678921950459573,0.4417913218203611,4.378470166692631,32104,2.111309920876023,0.0,16.0,17,27004.0,25305.0
242,242,30107,30107,0.6631348191450493,0.4196050917209329,3.946756568239944,30105,2.0818338880031626,0.0,15.0,16,25305.0,22986.0
243,243,27479,27479,0.6646166163251938,0.3122346458490573,2.7570872302485534,27486,1.9776116315254968,0.0,15.0,15,22986.0,23650.0
244,244,28163,28163,0.6681106416219863,0.4159113174920368,3.679792635727728,28150,2.082258666592355,0.0,20.0,15,23650.0,32166.0
245,245,38154,38154,0.6677150495360906,0.4721702549266421,5.473738009120931,38166,2.139504401050819,0.0,24.0,20,32166.0,40962.0
246,246,48182,48182,0.6662031464032211,0.875614724180361,12.275227263293344,48171,2.540723142939606,3.0,27.0,24,40962.0,45481.0
247,247,53615,53615,0.6625011657185489,0.7298207008884556,11.40484938916348,53599,2.392409214392496,6.0,30.0,27,45481.0,50093.0
248,248,59085,59085,0.6677329271388678,0.6790664901305542,11.651502073284252,59093,2.3472872607128608,0.0,32.0,30,50093.0,53253.0
249,249,62862,62862,0.6664757723266839,0.6300856626845215,11.52476854061277,62859,2.297140354262778,2.0,33.0,32,53253.0,55749.0
250,250,65658,65658,0.665798531785921,0.7272622489728895,13.80116665143623,65652,2.391631073838425,1.0,34.0,33,55749.0,57292.0
251,251,67526,67526,0.666691348517608,0.7266072357409084,14.173947812694369,67507,2.393802506671166,5.0,33.0,34,57292.0,56011.0
252,252,65892,65892,0.6676227766648455,0.8086928993525219,15.317261579554422,65923,2.476868893412264,4.0,32.0,33,56011.0,54351.0
253,253,63983,63983,0.6669584108278761,0.8117679399214315,14.967022490349,63966,2.477804464991913,5.0,32.0,32,54351.0,53495.0
254,254,63098,63098,0.663887920377825,0.6341737468459899,11.62875209990808,63095,2.298197039172277,0.0,31.0,32,53495.0,52411.0
255,255,61707,61707,0.6684816957557489,0.7663426414976434,13.688058080930851,61717,2.435137686096482,2.0,31.0,31,52411.0,51721.0
256,256,61018,61018,0.6650988232980432,0.6313417212471475,11.212281621816514,61021,2.2975546621362213,0.0,30.0,31,51721.0,51080.0
257,257,60106,60106,0.6654410541376901,0.8211417864820769,14.237996206701494,60092,2.4856324349899093,4.0,30.0,30,51080.0,51091.0
258,258,60103,60103,0.6683526612648287,0.8944905008578161,15.523451408415552,60115,2.562998866880988,8.0,32.0,30,51091.0,54425.0
259,259,64026,64026,0.6674319807578172,0.8385727136302114,15.450504482553962,64028,2.5059662786250936,1.0,34.0,32,54425.0,57256.0
260,260,67476,67476,0.6700160056909124,0.7271220564888965,14.169363921987078,67462,2.3975929105700744,2.0,33.0,34,57256.0,55892.0
261,261,65790,65790,0.6702994376044992,0.7977326845212788,15.104301565587477,65798,2.4685421776872865,2.0,30.0,33,55892.0,50774.0
262,262,59777,59777,0.668785653344932,0.7924414018157403,13.689345400404838,59780,2.461000940826023,2.0,26.0,30,50774.0,43880.0
263,263,51680,51680,0.666389318885449,0.7678615814519596,11.578250773993808,51689,2.434733235975016,3.0,25.0,26,43880.0,41131.0
264,264,48632,48632,0.6694563250534628,0.5795773676195118,8.325053462740582,48631,2.249215525814487,0.0,20.0,25,41131.0,33519.0
265,265,39517,39517,0.669559936229977,0.7712907558486796,8.990712857757421,39525,2.441174260153486,2.0,17.0,20,33519.0,27609.0
266,266,32707,32707,0.665270431406121,0.5439664026419898,5.422172623597395,32709,2.208669743511808,0.0,18.0,17,27609.0,29883.0
267,267,35273,35273,0.6677912284183369,0.6752612826709822,7.124769653842883,35283,2.3415013841789007,0.0,18.0,18,29883.0,30181.0
268,268,35596,35596,0.665215192718283,0.7539407942193448,7.975362400269693,35584,2.4190876769552783,1.0,22.0,18,30181.0,37226.0
269,269,43834,43834,0.6675868047634257,0.8384211813098965,10.740338549984031,43829,2.5064578982322265,1.0,28.0,22,37226.0,47602.0
270,270,56051,56051,0.6677668551854561,0.8777734281242775,14.281243867192378,56029,2.544837482901364,9.0,33.0,28,47602.0,55064.0
271,271,64957,64957,0.6690733870098681,0.6398777374721538,12.04655387410133,64967,2.308541111710287,1.0,36.0,33,55064.0,60717.0
272,272,71516,71516,0.6667039543598635,0.7075955926947529,14.573899546954529,71523,2.374251320582849,2.0,38.0,36,60717.0,64242.0
273,273,75655,75655,0.6673451853810058,0.7546718936401806,16.406331372678608,75642,2.4220653908383847,0.0,39.0,38,64242.0,65316.0
274,274,77029,77029,0.6682548131223306,0.6577937224775845,14.59702190084254,77022,2.3263470872669365,2.0,40.0,39,65316.0,68181.0
275,275,80184,80184,0.6665170108749875,0.8558673714023858,19.636947520702385,80199,2.5222079346662443,6.0,39.0,40,68181.0,66468.0
276,276,78187,78187,0.6654303145024109,0.8179362058823126,18.30960389834627,78177,2.4827271306924663,3.0,39.0,39,66468.0,65725.0
277,277,77446,77446,0.6658575007101722,0.6976135902186601,15.55328874312424,77437,2.3620018144159447,4.0,38.0,39,65725.0,63594.0
278,278,74986,74986,0.6658842984023684,0.6481677864915579,14.043061371456004,75000,2.3149024722442526,2.0,36.0,38,63594.0,62008.0
279,279,72832,72832,0.6627581282952548,0.9490297511998416,19.76017409929701,72814,2.6106890101251468,2.0,37.0,36,62008.0,62459.0
280,280,73565,73565,0.6661048052742473,0.7428548730454371,15.705947121593148,73583,2.409496784752019,8.0,36.0,37,62459.0,61043.0
281,281,71849,71849,0.6645882336566967,0.7695869793563452,15.903756489303955,71849,2.433432825145684,2.0,37.0,36,61043.0,62226.0
282,282,73338,73338,0.668343832665194,0.7038025599567896,14.874130737134909,73332,2.372667882563195,2.0,38.0,37,62226.0,64501.0
283,283,75891,75891,0.6619757283472348,0.7574081669528796,16.500494129738705,75907,2.41928281317782,2.0,40.0,38,64501.0,68676.0
284,284,80722,80722,0.6626198558013925,0.911382844862654,21.01268551324298,80703,2.57450460803495,9.0,39.0,40,68676.0,65989.0
285,285,77687,77687,0.6690565989161635,0.7407692701402028,16.505129558355968,77695,2.4089449955093816,2.0,34.0,39,65989.0,58083.0
286,286,68325,68325,0.6659641419685327,0.911396133709639,17.89729967069155,68307,2.578057214447872,8.0,33.0,34,58083.0,55527.0
287,287,65402,65402,0.6664016390936057,0.731071772004219,13.830509770343417,65430,2.3983519703404563,1.0,25.0,33,55527.0,41875.0
288,288,49373,49373,0.6643307070666153,0.6782404713232565,9.797865229984,49381,2.3419754866990536,2.0,22.0,25,41875.0,36253.0
289,289,42848,42848,0.6639749813293503,0.5836283651702217,7.446905339805825,42853,2.2462947295869355,0.0,20.0,22,36253.0,31948.0
290,290,37950,37950,0.6704874835309618,0.4478073725194343,5.170065876152833,37948,2.118265134350131,0.0,19.0,20,31948.0,31342.0
291,291,37033,37033,0.6656225528582616,0.6439263862911635,7.134258634191127,37042,2.31061480409362,0.0,20.0,19,31342.0,32864.0
292,292,38875,38875,0.6697363344051447,0.6052663701590738,7.04668810289389,38864,2.274884681114808,0.0,24.0,20,32864.0,40538.0
293,293,47751,47751,0.664488701807292,0.7866835572685116,10.980649619903248,47744,2.450715505396352,2.0,31.0,24,40538.0,51891.0
294,294,61201,61201,0.6619663077400696,0.6567552272382414,11.704089802454208,61194,2.31950257096374,1.0,36.0,31,51891.0,60624.0
295,295,71420,71420,0.667026043125175,0.721299134078509,14.845757490898908,71427,2.387995176703282,1.0,39.0,36,60624.0,66022.0
296,296,77737,77737,0.6656032519906866,0.7176423671732935,15.998314830775564,77722,2.3821841161805377,0.0,41.0,39,66022.0,70114.0
297,297,82425,82425,0.6663876251137397,0.8826154819202747,20.793387928419776,82423,2.549495764804416,3.0,42.0,41,70114.0,71573.0
298,298,84211,84211,0.6664212513804609,0.8333711500924036,20.07637957036492,84212,2.499272769207165,13.0,43.0,42,71573.0,73569.0
299,299,86472,86472,0.6650013877324452,0.8505920199291465,20.98037515033768,86472,2.5149994736302825,1.0,42.0,43,73569.0,71413.0
300,300,84040,84040,0.6666587339362209,0.8143188595952189,19.556496906235125,84040,2.481651982807453,9.0,42.0,42,71413.0,70976.0
301,301,83581,83581,0.6661681482633612,0.7146917435164477,17.156985439274475,83576,2.381728344808767,0.0,41.0,42,70976.0,70280.0
302,302,82603,82603,0.6645763471060373,0.919478539188438,21.659007542098955,82598,2.5841990400494304,6.0,40.0,41,70280.0,67033.0
303,303,79028,79028,0.6697752695247254,0.6707561837019257,15.274662145062509,79039,2.3400148726364605,2.0,39.0,40,67033.0,65916.0
304,304,77619,77619,0.670261147399477,0.7397959103363418,16.475759801079633,77625,2.4095461546956574,3.0,39.0,39,65916.0,66117.0
305,305,77851,77851,0.6677627776136466,0.7732451928438382,17.307895852333303,77832,2.4401264487068506,5.0,40.0,39,66117.0,68127.0
306,306,80153,80153,0.6645665165371227,0.8048772740618318,18.513917133482217,80139,2.469080842945577,4.0,42.0,40,68127.0,71310.0
307,307,83902,83902,0.671330838359038,0.8375653114511938,20.089521107959285,83913,2.5098401812354694,1.0,43.0,42,71310.0,74485.0
308,308,87428,87428,0.6689504506565402,1.0728621865227308,26.683877018804044,87424,2.741388854995598,13.0,43.0,43,74485.0,72137.0
309,309,85038,85038,0.6683012300383357,0.67245332391784,16.44100284578659,85043,2.340349660119222,2.0,37.0,43,72137.0,63880.0
310,310,74988,74988,0.6650130687576679,1.020832098639084,21.869499119859174,75004,2.6857557283185,8.0,36.0,37,63880.0,60453.0
311,311,71268,71268,0.666582477409216,0.6778451277851729,13.9578632766459,71259,2.3449062257851674,2.0,27.0,36,60453.0,44335.0
312,312,52421,52421,0.6696743671429389,0.5556578293192922,8.583487533622021,52435,2.2264865378858576,0.0,22.0,27,44335.0,35292.0
313,313,41871,41871,0.6666666666666666,0.4303618219615631,5.444340951971531,41892,2.0960452889813426,0.0,19.0,22,35292.0,31008.0
314,314,36718,36718,0.6653957187210633,0.5662182343377455,6.274933275232856,36708,2.2304272148333526,0.0,19.0,19,31008.0,31321.0
315,315,37011,37011,0.6692604901245576,0.6552972032048624,7.272351463078544,37021,2.324999297179032,0.0,20.0,19,31321.0,33077.0
316,316,39083,39083,0.6693959010311389,0.6629478093581956,7.690197784202851,39077,2.334495305162037,0.0,25.0,20,33077.0,41243.0
317,317,48738,48738,0.6681439533833969,0.6011699306562377,8.649493208584678,48743,2.2703466210448293,0.0,32.0,25,41243.0,53291.0
318,318,62910,62910,0.6701319345096169,0.6449443449855237,11.787887458273724,62891,2.3154714404023515,0.0,35.0,32,53291.0,59413.0
319,319,69931,69931,0.667171926613376,0.8190379307854413,16.510059916203115,69919,2.4860160931666644,2.0,38.0,35,59413.0,64873.0
320,320,76280,76280,0.6694546407970634,0.8578467788248575,18.72603565810173,76291,2.527711651288937,6.0,40.0,38,64873.0,68543.0
321,321,80578,80578,0.667043113504927,0.8913830092129336,20.515748715530293,80558,2.5589236571961145,5.0,42.0,40,68543.0,72133.0
322,322,84728,84728,0.6657893494476442,0.8712492174429722,21.02223586063639,84742,2.5368121569772293,3.0,43.0,42,72133.0,72996.0
323,323,85900,85900,0.6655180442374854,0.7648372325999895,18.800162980209542,85896,2.4301646171857807,0.0,42.0,43,72996.0,71835.0
324,324,84465,84465,0.6668916119102587,0.8726864687904788,21.05409341147221,84438,2.539131794989548,1.0,42.0,42,71835.0,70886.0
325,325,83469,83469,0.6698295175454361,0.7495849564394598,17.923660281062432,83498,2.4200703268588297,4.0,40.0,42,70886.0,68886.0
326,326,80930,80930,0.6696404300012356,1.017665069430556,23.50449771407389,80922,2.687983715944851,12.0,40.0,40,68886.0,68306.0
327,327,80306,80306,0.6681692526087715,0.8390285070555071,19.25872288496501,80309,2.5066779483963075,1.0,39.0,40,68306.0,67023.0
328,328,78707,78707,0.6671325295081759,0.9595437322756708,21.565400790272783,78729,2.6264539967114757,2.0,39.0,39,67023.0,66794.0
329,329,78524,78524,0.6648795272782844,0.8865155237339583,19.909327084712952,78512,2.551902251381696,6.0,40.0,39,66794.0,67697.0
330,330,79708,79708,0.6674235961258594,0.7411933800396748,16.930634315250664,79697,2.4082925077929955,0.0,42.0,40,67697.0,71962.0
331,331,84577,84577,0.6675573737540939,0.9238985660377498,22.27346678174917,84565,2.592046710097379,1.0,43.0,42,71962.0,73367.0
332,332,86263,86263,0.6674588178013748,0.8379939218567376,20.62379003744363,86273,2.5053590543972555,2.0,43.0,43,73367.0,72500.0
333,333,85409,85409,0.6677516420986078,0.6937748630619097,16.977859476167616,85406,2.361704686200706,2.0,38.0,43,72500.0,63461.0
334,334,74851,74851,0.6640926640926641,0.6000357399522491,12.977595489706216,74861,2.263837006823733,0.0,35.0,38,63461.0,60299.0
335,335,70851,70851,0.6696729756813595,1.0338011709405988,20.9207915202326,70835,2.7023593135497843,12.0,21.0,35,60299.0,34543.0
336,336,40800,40800,0.667328431372549,0.603980771937003,7.357598039215686,40843,2.270675198509988,0.0,16.0,21,34543.0,26477.0
337,337,31278,31278,0.6682332629963552,0.7363730530130264,6.908210243621715,31283,2.40518777126833,2.0,14.0,16,26477.0,23054.0
338,338,27250,27250,0.6657614678899083,0.6921107830898516,5.745981651376146,27254,2.359692097821229,0.0,17.0,14,23054.0,27380.0
339,339,32487,32487,0.6670976082740788,0.5141954180959365,5.112352633361037,32480,2.1829998005059617,0.0,16.0,17,27380.0,26542.0
340,340,31343,31343,0.6668793670037967,0.7112284264960865,6.696742494336854,31348,2.378450333649515,2.0,18.0,16,26542.0,29472.0
341,341,34880,34880,0.6705848623853211,0.6502227377917481,6.8243692660550455,34881,2.322053253380101,3.0,23.0,18,29472.0,38228.0
342,342,45139,45139,0.669177429717096,0.6474182940811289,8.618821861361573,45134,2.3176127020749955,2.0,28.0,23,38228.0,46360.0
343,343,54779,54779,0.6661129264864273,0.6008045013194138,9.648569707369612,54760,2.267503369846685,0.0,30.0,28,46360.0,50251.0
344,344,59243,59243,0.665715780767348,0.668622660288878,11.50784058876154,59251,2.335982566638065,0.0,32.0,30,50251.0,54824.0
345,345,64441,64441,0.6660200803836067,0.9076127835236938,16.791561273102527,64430,2.5731212081860564,2.0,33.0,32,54824.0,54993.0
346,346,64887,64887,0.6651101145067579,0.6268104251434602,11.79344090495785,64893,2.292325967131431,0.0,33.0,33,54993.0,55729.0
347,347,65631,65631,0.6682208102878213,0.8189018180148409,15.49206929652146,65629,2.488173897732049,0.0,33.0,33,55729.0,55337.0
348,348,65236,65236,0.665384143724324,0.664786647707686,12.569930713103195,65237,2.3309488012961417,0.0,33.0,33,55337.0,54731.0
349,349,64627,64627,0.6676157024153991,0.5659805495096581,10.652482708465502,64631,2.231939697923386,0.0,31.0,33,54731.0,52528.0
350,350,61850,61850,0.6647857720291027,0.7909151475708108,14.160873080032337,61834,2.4550913946078725,2.0,31.0,31,52528.0,52102.0
351,351,61385,61385,0.6682251364339823,0.7282081187184595,12.983383562759633,61402,2.3969860612282856,0.0,30.0,31,52102.0,50418.0
352,352,59439,59439,0.6675583371187268,0.688467030948059,11.877841148067766,59424,2.355510822371917,2.0,30.0,30,50418.0,50685.0
353,353,59681,59681,0.6622878302977497,0.7492232684099444,12.941388381561971,59697,2.4127038438311432,4.0,31.0,30,50685.0,52086.0
354,354,61391,61391,0.6632405401443209,0.6881522252222224,12.26684693196071,61386,2.3523483843082382,0.0,32.0,31,52086.0,53109.0
355,355,62715,62715,0.6659969704217492,0.6106819976539787,11.170198517101172,62709,2.276032119709812,0.0,34.0,32,53109.0,56272.0
356,356,66484,66484,0.6682058841224956,0.5761557834247134,11.160986101919258,66481,2.244517124995653,3.0,34.0,34,56272.0,56475.0
357,357,66668,66668,0.6638567228655426,0.5674965486821207,11.01559968800624,66675,2.231821802098934,0.0,29.0,34,56475.0,49330.0
358,358,58029,58029,0.6653397439211429,0.8397540730422235,14.080925054714022,58030,2.50574112274123,0.0,27.0,29,49330.0,45499.0
359,359,53605,53605,0.6665049902061375,0.7656167247877976,11.942897117806174,53611,2.4330228896623094,4.0,20.0,27,45499.0,32159.0
360,360,38147,38147,0.6692007235169214,0.4646723437800565,5.362387605840564,38159,2.134286571218293,0.0,17.0,20,32159.0,27893.0
361,361,32984,32984,0.6670203735144312,0.6195157529515095,6.164989085617269,32993,2.286662965423253,0.0,14.0,17,27893.0,21828.0
362,362,26027,26027,0.665001728973758,0.3896022636046042,3.2314903753794137,26028,2.054191439318813,0.0,15.0,14,21828.0,24853.0
363,363,29362,29362,0.6665758463319937,0.7333947662448675,6.518765751651795,29353,2.3990487075496194,0.0,17.0,15,24853.0,26517.0
364,364,31612,31612,0.6711691762621789,0.3658133991985201,3.6182146020498553,31617,2.0383431726471866,0.0,18.0,17,26517.0,28692.0
365,365,34100,34100,0.6658944281524927,0.4373553856228788,4.594897360703812,34092,2.1021302553914576,0.0,24.0,18,28692.0,38781.0
366,366,45993,45993,0.6631878764159763,0.4883466197150712,6.703563585763051,45981,2.154206937478559,0.0,27.0,24,38781.0,45550.0
367,367,53651,53651,0.6704255279491529,0.8058642088421398,12.532385230471007,53650,2.476290244104784,0.0,31.0,27,45550.0,51268.0
368,368,60575,60575,0.6668097399917458,0.5780509679138773,10.233297565002063,60568,2.244894509444189,0.0,32.0,31,51268.0,54542.0
369,369,64158,64158,0.6669316375198728,0.88593031155137,16.3549518376508,64151,2.552194582638616,3.0,33.0,32,54542.0,56440.0
370,370,66337,66337,0.6678927295476129,0.8734552886968454,16.638844083995355,66349,2.5409307736222977,3.0,33.0,33,56440.0,56247.0
371,371,66177,66177,0.6651555676443477,0.8352456876862485,15.864484639678436,66162,2.500720628086529,5.0,33.0,33,56247.0,54473.0
372,372,64356,64356,0.6649418857604574,0.5417947858144272,10.158384610603518,64373,2.2089474311654245,0.0,32.0,33,54473.0,54859.0
373,373,64489,64489,0.67023833521996,0.9976409248752752,18.428383135108312,64474,2.6684697486509243,5.0,32.0,32,54859.0,53666.0
374,374,63254,63254,0.6673728143674709,0.6975567564546066,12.80325354918266,63269,2.36427376545093,1.0,31.0,32,53666.0,52770.0
375,375,62080,62080,0.6677512886597938,0.8812668092185894,15.737644974226804,62076,2.5491139390922597,2.0,30.0,31,52770.0,51275.0
376,376,60275,60275,0.6654832019908752,0.8788732664018484,15.28885939444214,60284,2.544544591598424,3.0,31.0,30,51275.0,52300.0
377,377,61617,61617,0.668062385380658,0.7966943196718582,14.218429978739634,61612,2.4649137589762398,4.0,31.0,31,52300.0,52506.0
378,378,61819,61819,0.664892670538184,0.7763047104296342,13.858020996780924,61812,2.4416014400770147,2.0,32.0,31,52506.0,54596.0
379,379,64220,64220,0.6682809093740267,0.88323327489052,16.313874182497663,64208,2.549469086534608,4.0,34.0,32,54596.0,57341.0
380,380,67529,67529,0.6670023249270683,0.7107926223624652,13.825393534629567,67541,2.377293778536893,0.0,33.0,34,57341.0,54471.0
381,381,64366,64366,0.6693906720939626,0.5603199869944852,10.504225833514589,64371,2.229756262828578,0.0,29.0,33,54471.0,49605.0
382,382,58321,58321,0.668232712059121,0.9291876898038696,15.638723615850209,58317,2.5958191314733767,4.0,27.0,29,49605.0,44894.0
383,383,52996,52996,0.6621443127783229,0.6429522036136122,9.9959242206959,52994,2.3061848723059764,0.0,22.0,27,44894.0,35533.0
384,384,42110,42110,0.6654238898123961,0.4645546993387957,5.884208026597008,42133,2.1290201318912505,0.0,19.0,22,35533.0,31410.0
385,385,37117,37117,0.6647088934989358,0.6484546311130623,7.197483632836706,37110,2.3134837754532844,0.0,16.0,19,31410.0,25009.0
386,386,29801,29801,0.6596758498036979,0.375607724656407,3.529109761417402,29809,2.0360923894318725,0.0,17.0,16,25009.0,26902.0
387,387,32000,32000,0.67,0.4317719199116396,4.2738125,32002,2.101485121524864,0.0,18.0,17,26902.0,29441.0
388,388,34846,34846,0.6716122366986168,0.6062159781571151,6.382741204155427,34841,2.2773085134366053,0.0,21.0,18,29441.0,34515.0
389,389,40812,40812,0.6698275017151818,0.6159631073578975,7.486450063706753,40818,2.2859024691513,1.0,27.0,21,34515.0,44338.0
390,390,52461,52461,0.6680772383294257,0.5588429001823235,8.657669506871772,52438,2.226442812640325,0.0,30.0,27,44338.0,50510.0
391,391,59513,59513,0.667265975501151,0.7152820994514669,12.340228185438477,59510,2.3820267572829787,0.0,33.0,30,50510.0,55958.0
392,392,65861,65861,0.6626227964956499,0.7718418748655418,14.65525880262978,65858,2.435424521810557,0.0,35.0,33,55958.0,59456.0
393,393,69956,69956,0.6673337526445194,0.8076831641776873,16.25358796958088,69956,2.4757407986647384,0.0,36.0,35,59456.0,60845.0
394,394,71648,71648,0.6694115676641358,0.74199892864025,15.28207347029924,71645,2.4120389677331664,0.0,37.0,36,60845.0,63615.0
395,395,74710,74710,0.6681033328871637,0.9496564376099836,20.26841118993441,74724,2.6173479991829107,3.0,36.0,37,63615.0,60884.0
396,396,71714,71714,0.6669966812616783,0.7344818847613516,15.174275594723484,71690,2.401147934424034,2.0,35.0,36,60884.0,59932.0
397,397,70426,70426,0.6664868088490046,0.906746194395624,18.29225002129895,70441,2.573068135745384,3.0,36.0,35,59932.0,59721.0
398,398,70531,70531,0.6653102890927394,0.5766952720975072,11.816974096496576,70521,2.242733608016485,0.0,35.0,36,59721.0,58351.0
399,399,68842,68842,0.6646233404026611,0.6202349863605688,12.368568606374016,68857,2.285785618068119,2.0,33.0,35,58351.0,56405.0
400,400,66323,66323,0.6642190491986188,0.8399285993686179,16.010539330247425,66314,2.504073956926009,3.0,33.0,33,56405.0,56748.0
401,401,66681,66681,0.6675964667596467,0.9930524195284468,18.99920517088826,66669,2.6599484927143067,7.0,34.0,33,56748.0,56915.0
402,402,67093,67093,0.6667759676866439,0.6802417910027952,13.190392440344,67115,2.348394614353965,0.0,35.0,34,56915.0,59812.0
403,403,70326,70326,0.6667377641270654,0.881836181095934,17.779157068509512,70327,2.548310689229627,5.0,37.0,35,59812.0,63214.0
404,404,74360,74360,0.6686256051640667,0.8919002075831294,19.01826250672405,74323,2.559720783475789,3.0,36.0,37,63214.0,60256.0
405,405,71038,71038,0.6688110588699007,0.6666921573835631,13.696669388214758,71059,2.3345967345320315,1.0,32.0,36,60256.0,53600.0
406,406,63190,63190,0.6683177717993354,0.6776578055700638,12.425098908055071,63206,2.346281555876746,2.0,30.0,32,53600.0,49942.0
407,407,58941,58941,0.6665818360733615,0.6412219134421714,11.022361344395245,58942,2.307963158819679,0.0,22.0,30,49942.0,35570.0
408,408,42174,42174,0.6637976004173187,0.4615183451495098,5.863375539431877,42170,2.125422384180461,0.0,17.0,22,35570.0,27241.0
409,409,32323,32323,0.6650063422330847,0.4804518998742644,4.764223617857254,32341,2.145294859109966,0.0,15.0,17,27241.0,23612.0
410,410,28102,28102,0.6715892107323322,0.4176908420284284,3.685431641876023,28112,2.0893684851141785,0.0,15.0,15,23612.0,24910.0
411,411,29413,29413,0.6670519838166797,0.6838691559449592,6.068371128412607,29410,2.350273505996201,0.0,14.0,15,24910.0,23152.0
412,412,27353,27353,0.6671663071692319,0.6825086798293548,5.661828684239389,27352,2.348893630895066,0.0,19.0,14,23152.0,30787.0
413,413,36496,36496,0.664127575624726,0.4786579736744156,5.309266768960982,36487,2.141420322362544,0.0,24.0,19,30787.0,39590.0
414,414,46789,46789,0.6676783004552352,0.6190822877057394,8.544422834426895,46790,2.2867303690574423,0.0,28.0,24,39590.0,46830.0
415,415,55237,55237,0.6641924796784764,0.6726199149273366,10.824193927983057,55230,2.3375219916445977,0.0,30.0,28,46830.0,50255.0
416,416,59279,59279,0.6677575532650686,0.707992123932706,12.206936689215404,59270,2.3762650646712395,5.0,31.0,30,50255.0,53022.0
417,417,62323,62323,0.6674582417406094,0.9268941178633164,16.608186383839033,62328,2.594180619315893,2.0,33.0,31,53022.0,55965.0
418,418,65890,65890,0.6696160267111854,0.8090772273307508,15.337714372438914,65877,2.479096621908716,4.0,33.0,33,55965.0,56368.0
419,419,66296,66296,0.6691957282490648,0.8645211234163266,16.47722336189212,66277,2.533205458993101,3.0,33.0,33,56368.0,55764.0
420,420,65643,65643,0.6668037719177978,0.7564929888144588,14.325487866185275,65664,2.4245626516956755,0.0,32.0,33,55764.0,53709.0
421,421,63300,63300,0.6677725118483412,0.7160576353673677,13.155387045813589,63309,2.384097532513064,0.0,32.0,32,53709.0,53508.0
422,422,63111,63111,0.6624043352189001,0.6565963107797551,12.032577522143525,63108,2.320116510193656,0.0,31.0,32,53508.0,52166.0
423,423,61457,61457,0.6669541305302895,0.72946595736854,12.991685243340871,61469,2.396650892621989,1.0,31.0,31,52166.0,51712.0
424,424,61027,61027,0.6656070263981516,0.6205546310629462,11.012895931309092,61012,2.2867919267511736,0.0,31.0,31,51712.0,51817.0
425,425,61121,61121,0.6687554195775592,0.6675572839274485,11.837928044371004,61123,2.3370187834401204,2.0,31.0,31,51817.0,51773.0
426,426,61068,61068,0.6680585576734133,0.6440077237098502,11.450530556101397,61076,2.3118157822756387,1.0,32.0,31,51773.0,54151.0
427,427,63751,63751,0.6651974086680993,0.7595554411029515,13.963090775046666,63751,2.425859967298801,0.0,34.0,32,54151.0,57750.0
428,428,67953,67953,0.6640472091004076,0.8062738115553274,15.774255735581946,67950,2.470677048128566,0.0,33.0,34,57750.0,55831.0
429,429,65742,65742,0.6655866873535944,0.7707841749838428,14.628608804113048,65737,2.43560439744594,2.0,29.0,33,55831.0,49512.0
430,430,58223,58223,0.6689109114954571,0.8987803241374422,15.107139790117309,58230,2.566745533673135,6.0,26.0,29,49512.0,44475.0
431,431,52308,52308,0.6681387168310775,1.0103539403050203,15.305115852259693,52302,2.6781105949454083,9.0,24.0,26,44475.0,40044.0
432,432,47241,47241,0.6651213987849538,0.6572958706163355,9.12237251539976,47244,2.323689920226494,0.0,21.0,24,40044.0,35197.0
433,433,41480,41480,0.6661041465766635,0.7645622218084702,9.332304725168756,41497,2.4305529538348294,0.0,18.0,21,35197.0,29706.0
434,434,35107,35107,0.663628336229242,0.618931015116807,6.555701142222349,35106,2.281417042254549,0.0,16.0,18,29706.0,25660.0
435,435,30454,30454,0.6686477966769554,0.4993909153999793,4.682012215144152,30460,2.1702892464544097,0.0,20.0,16,25660.0,32311.0
436,436,38317,38317,0.6662577968003758,0.4779766497925364,5.559568859775035,38311,2.144163906863429,0.0,22.0,20,32311.0,36563.0
437,437,43180,43180,0.6652385363594256,0.6604590469037624,8.43300138953219,43163,2.324747219954094,0.0,28.0,22,36563.0,47426.0
438,438,55826,55826,0.6665711317307348,0.7759568096359545,12.540035109088954,55829,2.44169886777901,1.0,33.0,28,47426.0,55309.0
439,439,65230,65230,0.6652767131687873,0.6698965219678608,12.666625785681434,65218,2.333913500297833,3.0,36.0,33,55309.0,60284.0
440,440,71084,71084,0.6665072308817737,0.6371321143448871,13.079539699510438,71084,2.303820505463001,0.0,37.0,36,60284.0,63341.0
441,441,74473,74473,0.6685778738603252,0.9020438295474826,19.2459951928887,74456,2.571203773130668,5.0,38.0,37,63341.0,65150.0
442,442,76560,76560,0.6644461859979102,0.88358234397508,19.34683908045977,76556,2.5475047753634468,2.0,39.0,38,65150.0,66751.0
443,443,78460,78460,0.6652052001019628,0.8988721324390941,20.185011470813155,78481,2.564803578542173,10.0,39.0,39,66751.0,66473.0
444,444,78180,78180,0.6658864159631619,0.8153582213877569,18.234190330007674,78188,2.479788298186731,5.0,39.0,39,66473.0,65532.0
445,445,77254,77254,0.6661143759546432,0.6833440029921315,15.177880756983456,77238,2.349034759500304,2.0,37.0,39,65532.0,63297.0
446,446,74394,74394,0.6661021050084684,0.8850172179948652,18.85178912277872,74400,2.5518040026760453,1.0,37.0,37,63297.0,62795.0
447,447,73886,73886,0.6659312995696073,0.7882469861514576,16.712110548683107,73895,2.4539522979100856,0.0,36.0,37,62795.0,61053.0
448,448,71879,71879,0.6668707132820434,0.8049877366501065,16.62029243589922,71865,2.4711964222776266,4.0,36.0,36,61053.0,61388.0
449,449,72180,72180,0.6677888611803824,0.871948660758913,18.05339429204766,72194,2.540645970893735,2.0,37.0,36,61388.0,62912.0
450,450,74017,74017,0.6655498061256198,0.7908216052818104,16.821608549387303,74018,2.456540560730543,2.0,39.0,37,62912.0,65668.0
451,451,77397,77397,0.6662015323591354,0.6895114829554274,15.36602193883484,77374,2.356336281425487,2.0,40.0,39,65668.0,67642.0
452,452,79635,79635,0.6684498022226408,0.7397011890640514,16.904752935267158,79642,2.407663611609209,0.0,39.0,40,67642.0,65319.0
453,453,77020,77020,0.6664762399376786,0.6472568556879875,14.37827836925474,77019,2.3135053159223875,0.0,34.0,39,65319.0,58392.0
454,454,68597,68597,0.6674927474962462,0.9247134188481776,18.188827499744885,68607,2.592417217233637,5.0,33.0,34,58392.0,55601.0
455,455,65499,65499,0.6679033267683476,0.69433173293623,13.16377349272508,65501,2.361439328396167,0.0,25.0,33,55601.0,42486.0
456,456,49991,49991,0.663239383088956,0.8414315785119613,12.205236942649677,49992,2.5059849314346363,2.0,21.0,25,42486.0,35167.0
457,457,41463,41463,0.6646166461664617,0.7251535171292744,8.857535634179872,41473,2.390150773636652,2.0,19.0,21,35167.0,30894.0
458,458,36576,36576,0.6670494313210849,0.5326482696400561,5.884432414698162,36594,2.2001616319059885,0.0,20.0,19,30894.0,32388.0
459,459,38401,38401,0.668368011249707,0.5268119319493533,6.11116897997448,38388,2.1945542189142757,0.0,21.0,20,32388.0,33720.0
460,460,40011,40011,0.6661168178750844,0.4508984120567048,5.469071005473495,40020,2.1169534593783106,0.0,24.0,21,33720.0,40486.0
461,461,47696,47696,0.6669532036229453,0.7735441369957888,10.7640053673264,47686,2.439625447363503,0.0,30.0,24,40486.0,50822.0
462,462,59836,59836,0.665753058359516,0.8150018842891871,14.093288321411858,59822,2.480804114140741,0.0,35.0,30,50822.0,59716.0
463,463,70221,70221,0.6648296093761126,0.8633661149219523,17.418777858475384,70225,2.528182899528145,3.0,39.0,35,59716.0,65218.0
464,464,76939,76939,0.6672948699619179,0.6428303386417049,14.228778642820936,76918,2.3106610911580043,0.0,41.0,39,65218.0,69065.0
465,465,81359,81359,0.6683710468417754,0.7317176663436612,17.096313868164554,81368,2.4012067828191426,1.0,42.0,41,69065.0,71841.0
466,466,84468,84468,0.6706208268219918,0.910852563785884,21.962293412890087,84459,2.580830645210563,6.0,43.0,42,71841.0,73665.0
467,467,86580,86580,0.6656156156156157,0.8671781102463099,21.404123354123357,86574,2.5324244832259546,3.0,42.0,43,73665.0,71063.0
468,468,83655,83655,0.6675990675990676,0.7547046404119752,18.0879803956727,83669,2.421588974511616,2.0,41.0,42,71063.0,70426.0
469,469,82766,82766,0.6659618684000677,0.920601350159706,21.75778701399125,82771,2.586927943343271,15.0,41.0,41,70426.0,69400.0
470,470,81704,81704,0.6701385489082542,0.7713490163197182,18.057157544306275,81700,2.441254173366369,0.0,41.0,41,69400.0,68684.0
471,471,80984,80984,0.6687123382396523,0.6981751232860465,16.28405610984886,80990,2.367299616928653,2.0,39.0,41,68684.0,66904.0
472,472,78627,78627,0.6639831101275643,0.8897423044395592,19.9827540157961,78613,2.5536074558906625,3.0,40.0,39,66904.0,67103.0
473,473,79092,79092,0.6652632377484449,0.6681806916822309,15.20290294846508,79103,2.333016401831222,0.0,40.0,40,67103.0,67397.0
474,474,79394,79394,0.6663349875305439,0.7205978108788341,16.453863012318312,79400,2.387380508962944,1.0,42.0,40,67397.0,71303.0
475,475,83919,83919,0.6661066027955529,0.7840041264546166,18.852953443201184,83903,2.450109221026392,0.0,42.0,42,71303.0,72393.0
476,476,85007,85007,0.6628512945992683,0.9169050210307922,22.216593927558907,84993,2.5799494173632125,0.0,42.0,42,72393.0,71738.0
477,477,84373,84373,0.6688158534128217,0.895499966167193,21.552866438315576,84368,2.565398735779106,10.0,37.0,42,71738.0,62724.0
478,478,73788,73788,0.6675611210494932,0.8116304545765806,17.20085921830108,73824,2.4802757181201893,0.0,35.0,37,62724.0,59088.0
479,479,69588,69588,0.6686497672012416,0.7374684138980809,14.795266425245732,69588,2.405734609921954,0.0,26.0,35,59088.0,42957.0
480,480,50750,50750,0.6685517241379311,0.6126736673266967,9.119408866995071,50757,2.2818171245052365,0.0,22.0,26,42957.0,36005.0
481,481,42588,42588,0.6631210669672208,0.519201336394811,6.608058608058608,42605,2.182412679281817,0.0,20.0,22,36005.0,32339.0
482,482,38351,38351,0.6645980548095226,0.4700939396375583,5.4603009048003965,38339,2.1337633321008096,0.0,20.0,20,32339.0,33563.0
483,483,39563,39563,0.6678462199529864,0.7750729555714265,9.039354952859997,39569,2.443663805512001,2.0,21.0,20,33563.0,34491.0
484,484,40788,40788,0.6646562714523879,0.5376842659675717,6.561169951946651,40791,2.2021514748054902,0.0,24.0,21,34491.0,39967.0
485,485,47179,47179,0.6654231755653999,0.6557812858008583,9.10968863265436,47167,2.32192538362927,0.0,31.0,24,39967.0,51459.0
486,486,60761,60761,0.6682575994470137,0.5809196346800938,10.28896825266207,60759,2.249124033092088,0.0,35.0,31,51459.0,58877.0
487,487,69402,69402,0.6663640817267514,0.7252199363300849,14.554537333218065,69383,2.3913170246741298,2.0,39.0,35,58877.0,64875.0
488,488,76568,76568,0.667811618430676,0.6036135622834069,13.347690941385435,76575,2.2710486890018653,0.0,41.0,39,64875.0,69807.0
489,489,82124,82124,0.6666139009303005,0.8262389527958747,19.414848278213437,82107,2.492397507999537,0.0,42.0,41,69807.0,71553.0
490,490,84155,84155,0.6702394391301765,0.8229019695876231,19.787974570732576,84156,2.492651742167138,1.0,43.0,42,71553.0,73359.0
491,491,86288,86288,0.6662224179491933,0.8470477307478795,20.854603189319487,86274,2.513498363456192,5.0,42.0,43,73359.0,71592.0
492,492,84194,84194,0.663788393472219,0.7786889251054889,18.73834239969594,84198,2.441481736589329,2.0,42.0,42,71592.0,71116.0
493,493,83697,83697,0.6652329235217511,0.7463306217839273,17.90894536243832,83728,2.4111217922504977,4.0,41.0,42,71116.0,69938.0
494,494,82271,82271,0.6652404857118547,0.8369811558657142,19.711587315092803,82238,2.5009535418518625,0.0,40.0,41,69938.0,67687.0
495,495,79677,79677,0.6670933895603499,0.7792812418501628,17.824052110395723,79690,2.446445093314732,1.0,39.0,40,67687.0,66673.0
496,496,78372,78372,0.6686571734803246,0.8807278463264538,19.72499106823865,78373,2.548505190461192,0.0,39.0,39,66673.0,66751.0
497,497,78470,78470,0.6657576143749203,0.8540710303256065,19.13008793169364,78460,2.519562143129656,3.0,40.0,39,66751.0,67995.0
498,498,79980,79980,0.6684296074018504,0.8086330186292036,18.49617404351088,80001,2.4780931902737837,2.0,42.0,40,67995.0,71248.0
499,499,83855,83855,0.66792677836742,0.7682224767320777,18.45470156818317,83857,2.435938515958522,3.0,43.0,42,71248.0,73062.0
500,500,85993,85993,0.6660193271545358,0.7895250997869099,19.423360040933563,85965,2.455948752745754,1.0,42.0,43,73062.0,72492.0
501,501,85091,85091,0.6660751430821121,1.009040772761892,24.46141190020096,85116,2.6753364386851977,8.0,38.0,42,72492.0,63488.0
502,502,74879,74879,0.6675169273093925,0.6250753038729683,13.505094886416751,74888,2.2932075846375657,0.0,36.0,38,63488.0,60469.0
503,503,71261,71261,0.6644167216289415,0.6837682889379901,14.092743576430305,71269,2.348241763171918,0.0,20.0,36,60469.0,32962.0
504,504,38955,38955,0.6658965472981645,0.6000021254223161,6.988884610447953,38962,2.265088198499744,0.0,17.0,20,32962.0,28424.0
505,505,33511,33511,0.666348363224016,0.787913845887481,7.889379606696309,33524,2.454367448327192,0.0,15.0,17,28424.0,24003.0
506,506,28506,28506,0.6667368273345963,0.4842839632070271,4.274187890268715,28503,2.1510709473571934,0.0,16.0,15,24003.0,26698.0
507,507,31504,31504,0.6678199593702387,0.8084844859838505,7.6248730319959375,31507,2.47708771020249,3.0,16.0,16,26698.0,25421.0
508,508,30225,30225,0.6694789081885856,0.4569228246228244,4.287907361455749,30221,2.1261994983242407,0.0,19.0,16,25421.0,31208.0
509,509,36912,36912,0.6659351972258344,0.6070395600790629,6.739271781534461,36908,2.27364613498938,0.0,23.0,19,31208.0,37497.0
510,510,44401,44401,0.6722371117767618,0.540332548563344,7.138690570032207,44397,2.212308952761789,0.0,27.0,23,37497.0,45731.0
511,511,53873,53873,0.6690549997215673,0.8606076925703428,13.473391123568392,53846,2.5297009561168355,5.0,29.0,27,45731.0,49546.0
512,512,58241,58241,0.6670215140536735,0.8862112232618494,14.88590511838739,58255,2.552496266194738,3.0,31.0,29,49546.0,52744.0
513,513,62041,62041,0.6673006560177946,0.8451191702685835,15.12190325752325,62047,2.5121009640209238,1.0,32.0,31,52744.0,53498.0
514,514,63111,63111,0.6619289822693349,0.6247707229757785,11.46544976311578,63098,2.286767836458253,0.0,33.0,32,53498.0,55389.0
515,515,65278,65278,0.6650019914825822,0.7065013532373215,13.366601305187046,65292,2.3716127410611163,1.0,32.0,33,55389.0,53743.0
516,516,63349,63349,0.6694659742063805,0.7068034673379473,12.975264013638732,63343,2.375925297893261,0.0,32.0,32,53743.0,54902.0
517,517,64537,64537,0.6684382602228179,0.9471566352040304,17.55069185118614,64517,2.615187855917545,5.0,32.0,32,54902.0,54495.0
518,518,64096,64096,0.6672803295057413,0.8310167250779632,15.342236645032452,64107,2.4987336443162147,4.0,30.0,32,54495.0,50908.0
519,519,59906,59906,0.6695155743998932,0.851402295516025,14.702016492504924,59914,2.522123761824029,2.0,30.0,30,50908.0,49349.0
520,520,58345,58345,0.6677864427114577,0.534158549499662,9.137869568943357,58349,2.201157333599711,0.0,30.0,30,49349.0,50070.0
521,521,59068,59068,0.6649793458386943,0.6436495586287156,11.08987946096025,59070,2.308562548790018,0.0,31.0,30,50070.0,51752.0
522,522,61054,61054,0.664051495397517,0.6198982210977735,11.009679955449274,61052,2.2821602813631205,0.0,33.0,31,51752.0,55120.0
523,523,65028,65028,0.6637448483730085,0.6234339313154966,11.772067417112629,65026,2.287245517859492,2.0,34.0,33,55120.0,56557.0
524,524,66765,66765,0.6667565341121845,0.5957008569563378,11.545001123343068,66757,2.261817512416157,0.0,32.0,34,56557.0,54929.0
525,525,64534,64534,0.6667648061486968,0.9187273948772156,17.020020454334148,64538,2.5855146893929617,3.0,30.0,32,54929.0,49742.0
526,526,58754,58754,0.6663035708207101,0.5925437008995028,10.17585185689485,58742,2.259303830505016,0.0,27.0,30,49742.0,46280.0
527,527,54376,54376,0.6670222156833897,0.9911323410348528,15.545865823157277,54392,2.659019548600337,4.0,20.0,27,46280.0,33765.0
528,528,39760,39760,0.6637575452716298,0.777355818280826,9.097937625754527,39765,2.440664068748431,0.0,17.0,20,33765.0,27845.0
529,529,32939,32939,0.6674458848173898,0.6219421130250078,6.1955432769665135,32945,2.2902572342594976,0.0,14.0,17,27845.0,23009.0
530,530,27213,27213,0.6649395509499136,0.7136056566688209,5.922610517032301,27218,2.3778827395124527,3.0,15.0,14,23009.0,23925.0
531,531,28422,28422,0.6664907466047428,0.4815578326688864,4.251811976637816,28425,2.148730835660132,0.0,16.0,15,23925.0,25409.0
532,532,30208,30208,0.6643935381355932,0.4302633400327938,4.032210010593221,30209,2.0936951885066954,0.0,20.0,16,25409.0,33589.0
533,533,39604,39604,0.664983335016665,0.7895219878599175,9.223765276234724,39598,2.455319716486789,3.0,23.0,20,33589.0,38377.0
534,534,45291,45291,0.6700448212669183,0.7266719432809922,9.684021107946393,45283,2.397150867751224,2.0,28.0,23,38377.0,46156.0
535,535,54556,54556,0.6649497763765672,0.5472103662795593,8.755132341080724,54556,2.211051909637541,0.0,30.0,28,46156.0,50705.0
536,536,59737,59737,0.6657682843129049,0.785890234038361,13.572710380501196,59714,2.4512226667970407,3.0,32.0,30,50705.0,53584.0
537,537,63162,63162,0.667014977359805,0.6949619354259742,12.71682340647858,63184,2.36236559351706,0.0,33.0,32,53584.0,56051.0
538,538,65994,65994,0.6701366790920387,0.8564069590462507,16.27123677910113,65972,2.5271334954610745,7.0,33.0,33,56051.0,56374.0
539,539,66278,66278,0.6694830863936752,0.924496944450628,17.580977096472434,66286,2.594624828707252,4.0,33.0,33,56374.0,55001.0
540,540,64895,64895,0.668187071423068,0.6464336705736401,12.173264504199093,64901,2.315362462835,0.0,33.0,33,55001.0,54803.0
541,541,64699,64699,0.6691602652282106,0.6256914011027558,11.773551368645574,64706,2.296580019960257,1.0,32.0,33,54803.0,53219.0
542,542,62823,62823,0.6651544816388902,0.609653436120684,11.148814924470337,62819,2.275373255559267,0.0,31.0,32,53219.0,52092.0
543,543,61377,61377,0.6679049155221011,0.7074494117256994,12.572853023119407,61392,2.375377119328576,0.0,30.0,31,52092.0,51439.0
544,544,60475,60475,0.6628854898718479,0.9362571227627894,16.288945845390657,60454,2.6002264805573776,5.0,31.0,30,51439.0,51638.0
545,545,60937,60937,0.6678865057354316,0.6380103784622366,11.353758800072203,60938,2.305631400548567,0.0,30.0,31,51638.0,51083.0
546,546,60084,60084,0.664120231675654,0.8358871863796384,14.507023500432728,60095,2.500142226360568,4.0,32.0,30,51083.0,54410.0
547,547,64032,64032,0.6683533233383309,0.8664336276238341,16.004122938530735,64025,2.5347824222723854,5.0,33.0,32,54410.0,55062.0
548,548,64966,64966,0.6679955669119232,0.6435499538507413,12.12472678016193,64971,2.312991729103803,3.0,33.0,33,55062.0,56334.0
549,549,66265,66265,0.6657360597600543,0.8655857129379905,16.50082245529314,66255,2.53141651753577,7.0,29.0,33,56334.0,48733.0
550,550,57435,57435,0.6649429790197615,0.7100756002376043,11.859597806215724,57439,2.375015228824141,2.0,28.0,29,48733.0,46437.0
551,551,54834,54834,0.6603931867089762,0.5857299953951708,9.432140642666958,54837,2.245406257393836,0.0,23.0,28,46437.0,38826.0
552,552,45723,45723,0.6650482251820746,0.7939596173176015,10.60523150274479,45732,2.458846841146924,2.0,19.0,23,38826.0,30361.0
553,553,36054,36054,0.6676096965662617,0.4525980218664459,4.982221112775282,36061,2.1208945795158938,0.0,17.0,19,30361.0,27206.0
554,554,32300,32300,0.6667492260061919,0.4506214321415802,4.484767801857585,32306,2.116401738282295,0.0,18.0,17,27206.0,28606.0
555,555,34018,34018,0.6668234464107238,0.4329194313867325,4.525339526133224,34006,2.0984654775487166,0.0,18.0,18,28606.0,30070.0
556,556,35465,35465,0.661271676300578,0.6909729308774016,7.320118426617792,35470,2.3521772681353554,0.0,22.0,18,30070.0,35046.0
557,557,41643,41643,0.6640011526547078,0.3917332568456754,4.961770285522177,41646,2.0559868248594406,0.0,26.0,22,35046.0,44133.0
558,558,51957,51957,0.6651654252554997,0.8081640268877914,12.22279962276498,51939,2.471591943515388,2.0,30.0,26,44133.0,49684.0
559,559,58685,58685,0.6693874073442958,0.6157543774748216,10.574337564965491,58684,2.285891187169288,0.0,33.0,30,49684.0,55798.0
560,560,65718,65718,0.6667579658541039,0.7579683597453036,14.378146017833776,65707,2.424869553412176,3.0,35.0,33,55798.0,60044.0
561,561,70554,70554,0.6663265016866513,0.9301550675785644,18.79857981120844,70565,2.5965974329871693,7.0,36.0,35,60044.0,61399.0
562,562,72211,72211,0.6666989793798729,0.8283528097316883,17.1501710265749,72199,2.4952236355468465,0.0,37.0,36,61399.0,61983.0
563,563,73084,73084,0.6664249356904384,0.647735482487156,13.67875321547808,73083,2.3132513197357683,0.0,36.0,37,61983.0,61097.0
564,564,71883,71883,0.6651642251992822,0.7880104973931398,16.279774077320088,71903,2.452772292235503,2.0,35.0,36,61097.0,59704.0
565,565,70229,70229,0.6694100727619644,0.8532125956466291,17.18031012829458,70207,2.523285075960789,1.0,35.0,35,59704.0,58833.0
566,566,69331,69331,0.6662531912131658,0.6843365016443032,13.69879274783286,69333,2.349258347280605,0.0,34.0,35,58833.0,57859.0
567,567,68053,68053,0.6653049828809898,0.7778485222033334,15.228160404390696,68059,2.443197925725274,0.0,34.0,34,57859.0,57368.0
568,568,67574,67574,0.6662029774765442,0.7294431883415814,14.246722112054933,67574,2.394950812644202,2.0,34.0,34,57368.0,56993.0
569,569,67197,67197,0.662663511763918,0.661972221284741,12.884846049674836,67199,2.3248789050698626,2.0,34.0,34,56993.0,57272.0
570,570,67483,67483,0.6634411629595602,0.7225479413784811,14.083532148837484,67472,2.386472349881082,0.0,36.0,34,57272.0,61473.0
571,571,72267,72267,0.6683825259108583,0.8731247339953996,18.08775789779568,72285,2.542826322392097,4.0,37.0,36,61473.0,62071.0
572,572,73186,73186,0.6649359167053808,0.6796524417858931,14.350271909928129,73177,2.3457617971840774,2.0,36.0,37,62071.0,61091.0
573,573,71910,71910,0.6653872896676402,0.8345899913851259,17.21842581004033,71912,2.5000807120384345,7.0,32.0,36,61091.0,53037.0
574,574,62628,62628,0.6690777288113943,0.6023465737363648,10.986491665069936,62637,2.272192615399616,0.0,31.0,32,53037.0,51080.0
575,575,60380,60380,0.6655183835707188,0.5461193821890891,9.662073534282875,60380,2.21176824870125,0.0,20.0,31,51080.0,33053.0
576,576,39051,39051,0.6650789992573813,0.648448603934783,7.553302092135925,39056,2.3140431673170183,1.0,18.0,20,33053.0,28817.0
577,577,34202,34202,0.6657213028477866,0.4528865606207393,4.7479971931466,34217,2.1186167319790283,0.0,15.0,18,28817.0,23180.0
578,578,27685,27685,0.6673288784540364,0.3446671232727971,3.0454758894708327,27680,2.012015646300481,0.0,15.0,15,23180.0,24660.0
579,579,29166,29166,0.6696838784886512,0.6382868266779104,5.658643626140026,29160,2.3061430219418257,0.0,16.0,15,24660.0,25789.0
580,580,30579,30579,0.6701985022400995,0.5160512490110571,4.848392687792276,30589,2.185467942365449,0.0,19.0,16,25789.0,31463.0
581,581,37178,37178,0.6701005971273334,0.6832536493825063,7.579670773037818,37166,2.3547228546951264,1.0,25.0,19,31463.0,41079.0
582,582,48586,48586,0.6654180216523279,0.5517616461465537,7.962273082781048,48579,2.217433186654731,0.0,27.0,25,41079.0,45730.0
583,583,53829,53829,0.6675769566590499,0.8325833836237421,13.002080662839733,53833,2.5004151327113435,1.0,30.0,27,45730.0,50894.0
584,584,59931,59931,0.6687357127363134,0.8141418526547219,14.112295806844536,59921,2.481465536794229,9.0,32.0,30,50894.0,53233.0
585,585,62831,62831,0.671292833155608,0.6104811361264234,11.136063408190225,62833,2.282177358858623,0.0,33.0,32,53233.0,54618.0
586,586,64530,64530,0.667472493413916,0.597931663926914,11.196311792964512,64518,2.26554414470207,0.0,34.0,33,54618.0,56281.0
587,587,66466,66466,0.6642644359522162,0.5324610898535016,10.304200643938254,66481,2.1957441248444014,0.0,32.0,34,56281.0,54670.0
588,588,64291,64291,0.6655986063368123,0.8772561370161471,16.20950055217682,64282,2.5429372399208083,4.0,32.0,32,54670.0,54035.0
589,589,63641,63641,0.6681698904794079,0.7232919330869142,13.300718090539116,63641,2.39109127399598,2.0,32.0,32,54035.0,53507.0
590,590,63106,63106,0.6674642664722847,0.662536771131083,12.131461350743194,63107,2.329157669262473,0.0,31.0,32,53507.0,52250.0
591,591,61552,61552,0.6674356641538861,0.7459036702472999,13.307398622303094,61553,2.4137760331323554,1.0,30.0,31,52250.0,50484.0
592,592,59497,59497,0.6642687866615123,0.7016473356732076,12.110039161638404,59487,2.3661045556175595,1.0,30.0,30,50484.0,50854.0
593,593,59846,59846,0.6649901413628313,0.8123901341067388,14.09811850416068,59863,2.475860229577854,3.0,31.0,30,50854.0,52396.0
594,594,61705,61705,0.6677902925208654,0.7908035233644027,14.118158982254274,61702,2.459285481770146,2.0,32.0,31,52396.0,53324.0
595,595,62938,62938,0.6678795004607709,0.6456048093930005,11.813832660713718,62924,2.312441424316368,0.0,34.0,32,53324.0,57744.0
596,596,67938,67938,0.667917807412641,0.8144085337441537,15.882157261032118,67944,2.482766781036702,0.0,32.0,34,57744.0,54460.0
597,597,64074,64074,0.6656210007179199,0.8675947644151113,16.029497143927333,64078,2.5329340170607475,6.0,30.0,32,54460.0,50219.0
598,598,59215,59215,0.6673815756142869,0.6865548455941362,11.83288018238622,59219,2.353798920652434,0.0,26.0,30,50219.0,44196.0
599,599,51990,51990,0.6668205424120023,0.8670414626086619,13.070821311790729,51996,2.534645690851534,0.0,23.0,26,44196.0,38808.0
600,600,45711,45711,0.6672573341208899,0.7878007040196593,10.54197020410842,45711,2.455815339160196,1.0,20.0,23,38808.0,32928.0
601,601,38934,38934,0.6672060409924487,0.6259947079520056,7.2997380181846205,38934,2.2918619107044758,2.0,17.0,20,32928.0,27279.0
602,602,32366,32366,0.6644318111598592,0.4771974841821765,4.748130754495458,32379,2.140903585601467,0.0,18.0,17,27279.0,28846.0
603,603,34250,34250,0.6638248175182482,0.451333913318871,4.73734306569343,34246,2.1148960161611914,0.0,20.0,18,28846.0,32208.0
604,604,38220,38220,0.6635007849293564,0.4523619148839736,5.258869701726844,38208,2.116660704647148,0.0,21.0,20,32208.0,33987.0
605,605,40278,40278,0.6694225135309598,0.4938273220131962,5.983936640349571,40287,2.1627092648025665,0.0,28.0,21,33987.0,47787.0
606,606,56226,56226,0.6691210472023619,0.9054379671853756,14.709920677266744,56211,2.573340466162637,8.0,33.0,28,47787.0,55274.0
607,607,65186,65186,0.6672445003528364,0.69323926126659,13.09768968796981,65174,2.361076743304686,0.0,35.0,33,55274.0,60006.0
608,608,70548,70548,0.6633497760390089,0.9003045977416405,18.2225718659636,70530,2.564075567784695,8.0,38.0,35,60006.0,64596.0
609,609,76001,76001,0.6644254680859463,0.8137919839400881,17.72934566650439,76008,2.478597383142172,4.0,39.0,38,64596.0,67058.0
610,610,78767,78767,0.662980689882819,0.9197235197239568,20.690289080452477,78770,2.583193882129,4.0,40.0,39,67058.0,68115.0
611,611,80114,80114,0.6676735651696333,0.8173783332197398,18.73320518261477,80118,2.4839637430500057,1.0,39.0,40,68115.0,66216.0
612,612,77941,77941,0.6678513234369587,0.8242855278868959,18.4180341540396,77928,2.4933546223973746,4.0,39.0,39,66216.0,65830.0
613,613,77514,77514,0.66698918904972,0.745597296471056,16.59453776092061,77542,2.4123707320156926,4.0,38.0,39,65830.0,64595.0
614,614,76011,76011,0.6692583968109879,0.8111746401107621,17.663325045059267,76001,2.479900942175,2.0,37.0,38,64595.0,63353.0
615,615,74459,74459,0.6690124766650103,0.9125769731601484,19.43008904229173,74456,2.58164643963558,1.0,37.0,37,63353.0,62051.0
616,616,73141,73141,0.6656458074130789,0.6521959839339074,13.750181156943436,73154,2.3185486639787016,1.0,36.0,37,62051.0,61131.0
617,617,71949,71949,0.664887628737022,0.8145885242097165,16.8613323326245,71934,2.479163069499549,1.0,37.0,36,61131.0,62332.0
618,618,73425,73425,0.6658631256384065,0.7131466302194851,15.072563840653729,73432,2.378514977397295,0.0,38.0,37,62332.0,65134.0
619,619,76572,76572,0.6637804941754166,0.9043983502565508,19.81346967559944,76555,2.5686377336370803,7.0,40.0,38,65134.0,67754.0
620,620,79751,79751,0.6651954207470753,0.7502450206831005,17.162869431104312,79757,2.4152325974097835,1.0,39.0,40,67754.0,65914.0
621,621,77620,77620,0.6658206647771193,0.7289071864208473,16.252679721721204,77614,2.3944738987960705,0.0,35.0,39,65914.0,59707.0
622,622,70227,70227,0.6704971022541187,0.9014830094892028,18.172853745710334,70234,2.571155800762805,9.0,33.0,35,59707.0,55472.0
623,623,65363,65363,0.665162247754846,0.6821186496956914,12.922586172605296,65375,2.3472367787698203,1.0,26.0,33,55472.0,44406.0
624,624,52218,52218,0.6678539967061167,0.9372807764825828,14.196062660385309,52221,2.6060016043863903,5.0,22.0,26,44406.0,35403.0
625,625,41982,41982,0.6677623743509123,0.472426100492729,5.985017388404555,42003,2.1394609270590736,0.0,19.0,22,35403.0,30795.0
626,626,36494,36494,0.6636159368663342,0.5184118366638946,5.743163259713926,36495,2.1803503179855457,0.0,20.0,19,30795.0,31985.0
627,627,37984,37984,0.6652274641954508,0.4348436518944594,5.033461457455771,37985,2.099611261997831,0.0,21.0,20,31985.0,34275.0
628,628,40573,40573,0.6685973430606561,0.5503155865285967,6.686269193798832,40575,2.2182996095724987,0.0,24.0,21,34275.0,39485.0
629,629,46697,46697,0.6633188427522111,0.5905299445764766,8.178212733152023,46691,2.2549157765665258,2.0,31.0,24,39485.0,51195.0
630,630,60505,60505,0.6634988843897198,0.5418077480418944,9.606379638046445,60495,2.2050560442096354,0.0,35.0,31,51195.0,59513.0
631,631,70057,70057,0.6680702856245628,0.8873319911529165,17.88542187076238,70031,2.556167507305428,6.0,39.0,35,59513.0,65283.0
632,632,76978,76978,0.6670996908207539,0.6378954832333825,14.14858790823352,76983,2.30469232475055,0.0,41.0,39,65283.0,69533.0
633,633,81836,81836,0.6632899946233931,0.7659961505731084,17.953076885478275,81839,2.4293363173401272,2.0,42.0,41,69533.0,71327.0
634,634,83938,83938,0.6661702685315352,0.779291578797762,18.712144678214877,83930,2.4452018907710293,1.0,43.0,42,71327.0,73143.0
635,635,86057,86057,0.6691146565648349,0.818980198585832,20.13578209791185,86061,2.4883175740134647,6.0,42.0,43,73143.0,71386.0
636,636,83979,83979,0.6650472141844985,0.7593769700907914,18.251027042474902,83986,2.4239836478578045,0.0,42.0,42,71386.0,72121.0
637,637,84728,84728,0.6647507317533755,0.9122134233110109,22.039290435275237,84736,2.576616049119232,5.0,41.0,42,72121.0,70104.0
638,638,82441,82441,0.6681141664948266,0.8859852872618929,20.84785482951444,82419,2.5541378304526403,5.0,40.0,41,70104.0,68104.0
639,639,80113,80113,0.6662339445533184,0.8174748567326969,18.76357145531936,80119,2.4842585503935024,5.0,40.0,40,68104.0,67091.0
640,640,79102,79102,0.6677833683092715,0.6500618813117571,14.788918105736895,79094,2.31769925278552,1.0,39.0,40,67091.0,66298.0
641,641,77975,77975,0.6636614299454954,0.8125841036238286,18.157819814042963,77998,2.477552924853686,0.0,40.0,39,66298.0,68513.0
642,642,80560,80560,0.6670556107249255,0.8845417611443801,20.391571499503478,80543,2.549920744544485,10.0,42.0,40,68513.0,71376.0
643,643,83971,83971,0.6662895523454526,0.7710174810570778,18.505686487001466,83985,2.4371947216523173,3.0,43.0,42,71376.0,73438.0
644,644,86369,86369,0.6660838958422582,0.8598041107411533,21.18871354305364,86341,2.525464955550991,1.0,42.0,43,73438.0,71901.0
645,645,84531,84531,0.6689971726348913,0.9114151907258522,21.989968177355053,84525,2.5812824991843377,8.0,38.0,42,71901.0,65074.0
646,646,76468,76468,0.6667625673484333,0.8936198165781684,19.54822932468484,76480,2.5610579868681413,2.0,35.0,38,65074.0,59436.0
647,647,69939,69939,0.6701554211527188,0.8543663527385005,17.170291253806887,69951,2.5251131495170624,5.0,26.0,35,59436.0,43897.0
648,648,51684,51684,0.6655831591982044,0.7754981732795702,11.637218481541677,51706,2.440536285614578,3.0,20.0,26,43897.0,33649.0
649,649,39645,39645,0.6679026358935553,0.7740963372383146,9.046109219321478,39649,2.4399656822017923,0.0,19.0,20,33649.0,32176.0
650,650,37873,37873,0.6664378317006838,0.8700947501224593,9.706651176299738,37882,2.5373261375232765,2.0,19.0,19,32176.0,30564.0
651,651,36263,36263,0.667043543005267,0.4624513849149979,5.100515677136476,36264,2.128451656230701,0.0,20.0,19,30564.0,33693.0
652,652,39711,39711,0.6711994157790033,0.8113986640996211,9.44768452066178,39699,2.482671222217471,2.0,24.0,20,33693.0,39303.0
653,653,46504,46504,0.6652761052812661,0.5635803133237027,7.774879580251161,46503,2.228776500956941,0.0,31.0,24,39303.0,50918.0
654,654,60218,60218,0.6648178285562456,0.5276278475249264,9.31430801421502,60218,2.192236431572418,0.0,36.0,31,50918.0,60006.0
655,655,70831,70831,0.6657678135279751,0.6090090039322288,12.497183436630854,70806,2.275448616913264,0.0,39.0,36,60006.0,65363.0
656,656,77047,77047,0.6649188157877659,0.6290908165371467,13.982828663023868,77063,2.2934402978064066,0.0,41.0,39,65363.0,69476.0
657,657,81798,81798,0.6668744957089415,0.7745078243653752,18.146886231937213,81785,2.4413779826203763,3.0,42.0,41,69476.0,70887.0
658,658,83481,83481,0.6702842562978403,0.7186629337418061,17.19029479761862,83493,2.388762777846751,2.0,43.0,42,70887.0,73254.0
659,659,86196,86196,0.667003109193002,0.8126983894894684,19.998108960972665,86166,2.479209519399409,4.0,43.0,43,73254.0,72659.0
660,660,85561,85561,0.6648940521966784,0.7032635192262184,17.24944776241512,85562,2.3681369694376064,1.0,41.0,43,72659.0,69665.0
661,661,81947,81947,0.6633921925146741,0.7481465319215511,17.555078282304418,81965,2.41159345391434,0.0,41.0,41,69665.0,69850.0
662,662,82160,82160,0.6667599805258033,0.7952902868892843,18.71235394352483,82156,2.46142253448094,2.0,40.0,41,69850.0,67828.0
663,663,79828,79828,0.6663701959212307,0.7554885308862823,17.29171468657614,79834,2.422240071731563,2.0,40.0,40,67828.0,67901.0
664,664,79942,79942,0.6662330189387305,0.7971190487266853,18.264429211178104,79922,2.4633523396492727,7.0,39.0,40,67901.0,66844.0
665,665,78536,78536,0.6633391056330855,0.862344277627007,19.353455740042783,78556,2.5251644668980355,4.0,40.0,39,66844.0,67459.0
666,666,79461,79461,0.6655843747247078,0.7070554959096549,16.150879047583093,79465,2.372858833455797,2.0,42.0,40,67459.0,71289.0
667,667,83900,83900,0.6670202622169249,0.7838469649889807,18.80622169249106,83895,2.4509899923983705,2.0,43.0,42,71289.0,74103.0
668,668,87054,87054,0.6679991729271487,0.9963799675689952,24.67624692719461,87030,2.6631402880112724,9.0,43.0,43,74103.0,72131.0
669,669,85021,85021,0.6667176344667788,0.6633359287270155,16.20126792204279,85034,2.3310669597952747,1.0,38.0,43,72131.0,63733.0
670,670,75111,75111,0.6667598620708018,0.6715243021682363,14.548534835110702,75133,2.338252743562633,0.0,36.0,38,63733.0,60170.0
671,671,70970,70970,0.6684655488234466,0.6446277506027138,13.2246301254051,70970,2.313470279511363,0.0,0.0,36,60170.0,
